show_id,director_id
s8,1
s9,2
s10,3
s13,4
s25,5
s28,6
s29,7
s30,8
s39,9
s42,10
s43,11
s44,12
s45,13
s47,14
s49,15
s52,16
s53,16
s54,16
s55,16
s57,17
s58,18
s59,17
s60,18
s61,17
s62,19
s63,20
s64,21
s74,22
s82,23
s85,24
s85,25
s91,26
s95,27
s97,28
s106,29
s108,30
s115,31
s116,32
s117,33
s119,34
s123,32
s127,35
s128,36
s130,37
s132,38
s134,39
s135,40
s136,41
s137,42
s138,43
s139,37
s140,44
s141,45
s142,46
s143,47
s144,48
s145,49
s146,50
s146,51
s147,52
s150,53
s151,54
s152,55
s152,56
s153,57
s156,58
s157,59
s158,60
s159,61
s160,62
s162,63
s163,49
s164,64
s165,65
s167,66
s168,67
s168,68
s169,69
s169,70
s170,71
s171,72
s172,73
s173,74
s174,75
s175,15
s176,76
s177,77
s178,78
s179,79
s179,80
s180,81
s183,82
s184,71
s189,83
s189,84
s191,85
s192,86
s193,87
s196,88
s199,22
s200,89
s201,90
s202,91
s202,92
s203,93
s204,94
s205,87
s206,95
s207,96
s208,97
s209,98
s210,98
s211,99
s212,100
s216,97
s217,101
s217,102
s218,98
s228,103
s229,104
s230,105
s232,106
s248,107
s252,108
s254,109
s260,110
s265,111
s268,32
s271,112
s274,113
s277,114
s279,115
s280,116
s282,117
s283,118
s285,119
s286,120
s293,121
s294,122
s296,123
s298,124
s298,125
s298,126
s298,127
s298,128
s298,129
s298,130
s298,131
s298,132
s299,133
s300,134
s301,135
s301,136
s302,137
s304,138
s305,139
s306,140
s307,141
s308,142
s309,143
s315,144
s316,145
s317,146
s326,147
s327,148
s328,149
s329,150
s330,10
s331,151
s331,152
s333,41
s334,153
s335,154
s336,155
s338,156
s341,157
s342,158
s343,159
s344,160
s345,160
s346,161
s347,162
s348,163
s349,164
s350,165
s351,166
s352,167
s353,168
s354,169
s355,170
s356,171
s357,172
s358,173
s359,174
s360,44
s361,175
s366,176
s375,177
s378,178
s381,179
s384,180
s390,181
s393,182
s394,183
s403,184
s411,185
s416,185
s427,186
s427,187
s430,188
s434,189
s437,190
s438,191
s440,192
s440,193
s440,194
s440,195
s440,196
s446,197
s447,198
s448,199
s449,199
s450,200
s451,201
s452,202
s453,203
s461,204
s461,205
s464,206
s464,207
s470,208
s475,209
s487,210
s487,211
s490,212
s492,213
s493,214
s495,215
s497,216
s503,217
s504,218
s507,219
s509,220
s519,221
s529,222
s529,223
s530,224
s532,225
s532,226
s532,227
s535,228
s542,229
s543,230
s552,231
s555,232
s556,233
s557,234
s558,235
s558,236
s559,237
s560,71
s562,238
s563,238
s564,238
s565,158
s567,239
s568,240
s569,159
s570,241
s573,242
s574,243
s574,244
s575,245
s576,246
s577,247
s579,248
s580,249
s582,250
s583,175
s584,251
s585,252
s586,253
s590,254
s592,255
s593,256
s594,257
s595,258
s596,259
s597,260
s598,261
s599,262
s600,263
s601,264
s602,265
s603,265
s604,265
s605,266
s606,267
s607,268
s608,269
s609,270
s610,271
s611,272
s612,273
s612,274
s613,275
s614,276
s615,277
s616,278
s619,279
s623,280
s631,281
s635,282
s636,283
s637,284
s644,285
s651,286
s652,287
s655,288
s656,288
s657,288
s677,289
s682,290
s686,291
s689,133
s695,292
s699,293
s702,294
s703,295
s706,296
s709,297
s712,298
s717,299
s719,300
s722,301
s723,302
s724,303
s727,304
s727,305
s729,306
s736,307
s737,308
s738,309
s740,310
s741,311
s742,312
s743,313
s743,314
s744,315
s746,316
s747,315
s748,317
s751,318
s753,319
s755,320
s757,321
s758,322
s759,323
s763,324
s765,325
s766,326
s767,327
s769,328
s771,329
s774,330
s775,331
s776,332
s777,333
s778,334
s778,335
s780,336
s783,337
s784,338
s785,339
s787,340
s788,341
s789,342
s791,343
s792,344
s793,345
s794,346
s795,347
s797,348
s798,349
s799,350
s800,166
s801,351
s802,352
s803,353
s804,354
s805,355
s809,340
s810,356
s811,267
s813,357
s815,358
s817,359
s818,360
s819,361
s820,166
s822,362
s823,363
s824,364
s825,365
s827,366
s829,367
s835,368
s837,369
s839,370
s840,292
s841,371
s847,372
s851,373
s854,374
s860,375
s864,376
s866,377
s867,378
s867,379
s871,380
s872,381
s873,382
s874,383
s878,384
s879,385
s880,386
s882,387
s883,388
s886,389
s888,390
s890,391
s892,392
s893,393
s895,394
s896,395
s900,396
s902,397
s904,398
s905,399
s906,400
s907,401
s910,402
s911,403
s914,404
s915,405
s916,406
s917,407
s918,408
s918,409
s923,410
s925,411
s927,412
s929,413
s931,356
s932,414
s933,415
s934,37
s935,416
s936,417
s936,418
s936,419
s943,166
s944,420
s945,421
s946,422
s947,423
s948,424
s949,425
s950,426
s951,427
s952,428
s953,429
s954,430
s955,431
s955,432
s956,433
s957,434
s960,435
s963,436
s967,437
s970,438
s971,439
s972,440
s974,441
s975,442
s977,443
s978,444
s979,445
s980,446
s980,447
s981,446
s982,448
s983,449
s984,450
s985,451
s986,452
s987,452
s989,453
s990,454
s991,445
s992,455
s995,133
s996,401
s996,448
s997,456
s1000,457
s1002,458
s1003,459
s1014,460
s1016,461
s1017,462
s1018,463
s1019,464
s1020,465
s1021,466
s1022,467
s1022,468
s1023,469
s1024,470
s1024,471
s1024,472
s1024,473
s1025,474
s1027,475
s1028,476
s1030,477
s1031,478
s1032,479
s1034,480
s1035,481
s1035,482
s1036,483
s1037,484
s1037,485
s1038,486
s1040,487
s1042,488
s1042,489
s1043,490
s1047,491
s1051,492
s1053,158
s1054,493
s1056,494
s1067,495
s1068,496
s1070,497
s1081,498
s1084,499
s1086,500
s1087,501
s1088,221
s1089,502
s1090,503
s1090,504
s1091,505
s1099,506
s1100,507
s1101,508
s1102,509
s1103,510
s1104,511
s1105,119
s1106,512
s1107,513
s1107,514
s1108,515
s1109,516
s1110,517
s1110,518
s1111,519
s1112,520
s1113,521
s1114,423
s1115,522
s1116,523
s1119,524
s1120,525
s1121,526
s1122,8
s1123,527
s1125,528
s1127,529
s1129,530
s1132,531
s1134,340
s1135,532
s1135,533
s1136,534
s1137,535
s1137,536
s1138,537
s1139,538
s1140,539
s1141,540
s1142,124
s1143,541
s1145,542
s1146,543
s1148,544
s1151,545
s1152,546
s1154,547
s1155,548
s1157,549
s1161,550
s1163,551
s1165,552
s1166,553
s1168,554
s1171,555
s1173,556
s1174,557
s1176,268
s1177,558
s1178,559
s1179,560
s1185,561
s1186,562
s1188,563
s1189,564
s1190,565
s1191,566
s1192,567
s1192,568
s1193,569
s1195,570
s1196,571
s1198,572
s1199,573
s1200,574
s1203,575
s1204,10
s1209,576
s1210,577
s1212,578
s1213,579
s1216,580
s1217,581
s1219,582
s1220,583
s1221,584
s1222,585
s1223,586
s1223,587
s1224,588
s1224,589
s1229,590
s1231,591
s1233,592
s1234,133
s1237,593
s1238,594
s1240,595
s1241,37
s1242,596
s1244,597
s1245,598
s1249,599
s1252,600
s1253,601
s1254,602
s1254,603
s1255,215
s1257,604
s1259,605
s1259,606
s1260,607
s1261,608
s1262,609
s1264,610
s1265,611
s1266,612
s1267,609
s1268,399
s1270,613
s1274,614
s1279,565
s1282,615
s1284,524
s1285,524
s1287,616
s1289,201
s1291,617
s1292,618
s1294,619
s1294,620
s1294,621
s1294,622
s1296,623
s1298,624
s1305,625
s1306,626
s1308,627
s1310,628
s1312,629
s1313,630
s1316,631
s1317,632
s1319,633
s1320,634
s1323,635
s1324,636
s1325,637
s1326,638
s1327,639
s1328,637
s1330,640
s1331,641
s1334,356
s1335,642
s1337,643
s1338,644
s1341,645
s1342,646
s1343,647
s1345,648
s1346,649
s1347,650
s1348,651
s1352,652
s1354,6
s1358,653
s1359,654
s1360,104
s1361,655
s1365,656
s1367,657
s1368,658
s1369,659
s1370,660
s1371,661
s1373,662
s1375,663
s1377,664
s1379,665
s1380,666
s1387,667
s1388,668
s1389,669
s1390,670
s1391,671
s1392,672
s1394,673
s1397,674
s1398,675
s1399,676
s1400,677
s1400,678
s1404,679
s1406,680
s1407,417
s1407,681
s1408,682
s1410,683
s1411,684
s1412,685
s1413,686
s1414,535
s1415,687
s1415,688
s1416,689
s1418,690
s1420,691
s1422,692
s1422,693
s1423,694
s1424,695
s1425,696
s1427,694
s1429,697
s1433,698
s1434,699
s1435,700
s1435,701
s1436,702
s1439,703
s1442,704
s1445,255
s1446,705
s1447,706
s1448,707
s1451,708
s1452,709
s1453,710
s1454,711
s1455,712
s1457,713
s1459,714
s1460,715
s1462,716
s1464,717
s1465,718
s1465,719
s1468,720
s1469,721
s1470,37
s1471,722
s1473,723
s1475,724
s1476,725
s1482,726
s1485,727
s1485,728
s1486,729
s1487,730
s1487,731
s1489,732
s1491,733
s1492,734
s1494,735
s1495,376
s1496,736
s1497,737
s1498,738
s1499,739
s1499,740
s1500,741
s1501,742
s1502,428
s1503,743
s1505,744
s1505,745
s1508,746
s1510,747
s1511,748
s1512,749
s1513,750
s1514,751
s1516,752
s1518,753
s1520,754
s1521,755
s1521,756
s1521,132
s1521,757
s1522,754
s1523,754
s1524,758
s1525,759
s1526,760
s1527,293
s1530,761
s1531,762
s1533,763
s1533,764
s1535,765
s1537,766
s1538,767
s1541,768
s1543,769
s1545,770
s1550,771
s1551,772
s1559,773
s1559,774
s1561,775
s1562,776
s1564,777
s1566,778
s1567,478
s1568,765
s1569,765
s1572,779
s1576,780
s1577,781
s1581,782
s1581,783
s1581,784
s1583,548
s1585,572
s1588,785
s1588,786
s1588,787
s1589,788
s1592,789
s1592,790
s1593,791
s1596,264
s1598,792
s1599,793
s1600,794
s1602,795
s1603,796
s1605,797
s1607,798
s1609,239
s1610,799
s1611,480
s1613,656
s1614,800
s1617,801
s1618,802
s1621,803
s1622,43
s1625,480
s1627,804
s1630,805
s1631,806
s1632,807
s1633,808
s1634,809
s1636,810
s1636,811
s1637,812
s1638,813
s1643,814
s1644,815
s1645,816
s1646,817
s1647,818
s1648,738
s1649,819
s1651,747
s1652,820
s1654,821
s1655,515
s1656,822
s1656,823
s1657,480
s1658,824
s1660,825
s1661,826
s1663,827
s1664,828
s1665,376
s1666,829
s1667,830
s1672,831
s1674,832
s1675,833
s1676,834
s1677,835
s1678,738
s1679,832
s1680,137
s1681,612
s1682,836
s1683,738
s1684,837
s1686,838
s1687,839
s1690,840
s1692,841
s1695,842
s1695,843
s1696,841
s1700,844
s1701,628
s1703,845
s1704,846
s1706,847
s1707,848
s1708,738
s1710,849
s1711,850
s1713,92
s1714,851
s1715,539
s1716,852
s1721,853
s1726,854
s1728,855
s1729,856
s1729,857
s1729,858
s1730,859
s1732,860
s1733,293
s1735,861
s1736,862
s1737,863
s1740,841
s1742,864
s1743,865
s1744,866
s1748,867
s1748,868
s1750,869
s1752,870
s1753,870
s1754,871
s1762,872
s1763,873
s1764,874
s1765,574
s1768,675
s1769,875
s1771,772
s1772,876
s1773,877
s1775,878
s1776,879
s1777,880
s1778,881
s1781,882
s1784,883
s1785,884
s1786,885
s1788,886
s1789,887
s1794,888
s1795,889
s1795,890
s1796,891
s1797,892
s1798,893
s1799,894
s1802,895
s1803,896
s1807,897
s1808,898
s1809,899
s1810,738
s1811,900
s1812,901
s1813,902
s1815,903
s1816,733
s1817,340
s1818,904
s1819,905
s1820,906
s1821,905
s1822,905
s1823,904
s1824,907
s1825,908
s1826,909
s1827,904
s1828,905
s1830,910
s1831,911
s1832,904
s1833,912
s1834,913
s1834,914
s1836,915
s1837,916
s1837,917
s1839,918
s1841,919
s1843,920
s1844,921
s1845,922
s1846,923
s1847,924
s1850,535
s1851,925
s1856,926
s1856,927
s1857,928
s1859,929
s1860,546
s1862,930
s1863,931
s1864,932
s1866,933
s1867,891
s1868,624
s1870,934
s1871,444
s1873,935
s1875,936
s1875,937
s1877,938
s1880,111
s1881,939
s1882,940
s1883,941
s1884,942
s1885,943
s1887,944
s1887,945
s1887,946
s1888,947
s1889,948
s1892,949
s1897,317
s1898,950
s1899,951
s1900,451
s1901,952
s1902,953
s1903,954
s1904,955
s1905,956
s1905,957
s1906,958
s1910,165
s1913,959
s1917,960
s1921,961
s1922,962
s1925,963
s1928,964
s1931,965
s1932,966
s1936,967
s1937,968
s1938,969
s1939,970
s1940,971
s1941,137
s1942,929
s1943,971
s1944,972
s1945,930
s1946,973
s1947,974
s1951,975
s1958,976
s1960,977
s1961,978
s1961,979
s1964,980
s1965,981
s1966,981
s1966,982
s1967,981
s1967,982
s1968,983
s1970,981
s1971,984
s1972,985
s1973,986
s1975,987
s1976,988
s1977,989
s1978,990
s1982,991
s1983,992
s1985,703
s1986,993
s1988,994
s1996,995
s1997,996
s1998,997
s1999,998
s2001,999
s2002,1000
s2004,27
s2006,1001
s2008,1002
s2011,1003
s2012,1004
s2016,1005
s2017,1006
s2018,1007
s2019,1007
s2020,1008
s2021,1009
s2023,1010
s2024,1011
s2025,445
s2026,1012
s2027,1013
s2028,1014
s2028,1015
s2029,1016
s2030,239
s2031,1017
s2032,1018
s2035,1019
s2036,1020
s2037,1021
s2040,1022
s2044,1023
s2046,1024
s2047,325
s2049,1025
s2050,293
s2051,1026
s2051,1027
s2052,1028
s2053,1029
s2056,1030
s2057,1031
s2058,1032
s2060,1033
s2061,898
s2062,1034
s2066,1035
s2068,1036
s2072,1037
s2073,1038
s2075,1039
s2076,1040
s2077,1041
s2077,1042
s2077,1043
s2078,1044
s2080,27
s2081,1045
s2082,1046
s2082,1047
s2083,1048
s2084,1049
s2085,1050
s2088,1051
s2088,1052
s2089,1053
s2091,1054
s2092,1055
s2093,1056
s2095,1057
s2096,1058
s2101,1059
s2104,1060
s2105,1061
s2108,1062
s2109,1063
s2111,1064
s2112,45
s2116,1065
s2117,1066
s2118,1067
s2121,1068
s2122,1069
s2127,465
s2130,1070
s2131,1071
s2132,546
s2133,1072
s2133,1073
s2138,1074
s2139,995
s2140,995
s2142,1075
s2143,259
s2144,1076
s2147,1077
s2150,1078
s2151,1079
s2155,1080
s2156,733
s2160,1081
s2162,1082
s2164,1083
s2168,1084
s2170,743
s2172,1085
s2173,1086
s2177,301
s2178,1087
s2180,1088
s2184,1089
s2186,1090
s2186,1091
s2187,1092
s2188,1093
s2188,1094
s2189,1095
s2192,1096
s2194,1097
s2196,1098
s2197,1099
s2198,1100
s2199,1101
s2203,1102
s2205,1103
s2206,1104
s2207,1105
s2208,1106
s2208,1107
s2209,822
s2209,823
s2210,1108
s2211,1109
s2212,1110
s2214,119
s2216,1111
s2217,1112
s2221,1113
s2222,1114
s2222,1115
s2225,1116
s2232,1117
s2232,1118
s2233,1119
s2234,1120
s2235,1121
s2240,1122
s2241,1123
s2243,1124
s2245,1125
s2245,1126
s2248,1127
s2251,1128
s2252,1129
s2257,1130
s2258,1131
s2258,1132
s2260,1133
s2261,1134
s2261,1135
s2263,1136
s2263,1137
s2265,1138
s2266,1139
s2267,1140
s2268,832
s2268,96
s2268,1141
s2268,1142
s2269,1143
s2270,1144
s2271,95
s2272,1145
s2273,1146
s2274,1147
s2275,1148
s2276,1149
s2277,950
s2278,1150
s2279,1151
s2280,612
s2281,1005
s2282,1152
s2283,1153
s2284,1154
s2285,1155
s2286,1156
s2286,1157
s2287,1158
s2288,1159
s2289,124
s2290,1160
s2291,1161
s2292,1162
s2295,1163
s2296,1164
s2297,1165
s2301,1166
s2303,1167
s2303,1168
s2305,1169
s2305,1170
s2308,1171
s2309,1172
s2310,1173
s2311,1174
s2312,1175
s2313,1173
s2315,392
s2316,1176
s2318,1177
s2320,1178
s2322,565
s2324,1179
s2325,1164
s2326,1180
s2329,1181
s2331,1182
s2333,1183
s2334,1184
s2337,1185
s2339,1186
s2340,1187
s2341,1187
s2343,1188
s2345,1189
s2346,1190
s2348,1191
s2349,1192
s2351,1193
s2351,1194
s2352,1195
s2354,1196
s2355,224
s2357,1197
s2359,1198
s2361,443
s2362,224
s2364,1199
s2365,1200
s2365,1201
s2366,224
s2367,224
s2368,224
s2369,224
s2370,224
s2372,1184
s2373,1202
s2374,224
s2375,1203
s2376,224
s2377,224
s2378,1204
s2380,1205
s2381,1206
s2382,1179
s2383,1207
s2386,1208
s2387,954
s2388,1192
s2390,1209
s2392,594
s2392,1210
s2393,1211
s2394,44
s2398,1212
s2399,1213
s2403,1214
s2404,1215
s2406,289
s2408,1216
s2411,500
s2412,1217
s2413,1218
s2413,1219
s2414,1220
s2414,1221
s2415,1222
s2417,1223
s2419,1224
s2420,1225
s2421,832
s2422,1121
s2424,1226
s2425,1227
s2428,1228
s2429,1229
s2430,1016
s2431,1230
s2434,1231
s2435,1232
s2436,1231
s2438,1233
s2439,1064
s2440,1234
s2442,1235
s2443,1236
s2444,1237
s2446,1238
s2447,1239
s2449,1240
s2452,1241
s2455,1242
s2456,1243
s2457,1244
s2458,1245
s2459,1246
s2461,224
s2464,1247
s2465,1247
s2466,1248
s2468,1249
s2469,1250
s2470,1251
s2471,1252
s2472,1253
s2472,1254
s2475,505
s2476,228
s2478,232
s2479,1255
s2479,1256
s2479,1257
s2480,1258
s2481,1259
s2481,1260
s2481,1261
s2481,1262
s2481,1263
s2482,1164
s2483,1264
s2486,1265
s2488,1266
s2491,1267
s2492,1268
s2493,1269
s2493,1270
s2494,1271
s2495,1272
s2495,1273
s2497,1274
s2498,637
s2499,1275
s2501,1276
s2502,1277
s2503,1236
s2504,1278
s2505,1279
s2506,1280
s2507,1280
s2508,1281
s2510,1231
s2511,1279
s2512,1282
s2513,1234
s2514,1283
s2517,1284
s2521,1285
s2522,1286
s2523,910
s2528,1287
s2532,594
s2532,1210
s2533,594
s2533,1210
s2534,1288
s2535,1289
s2537,118
s2538,1290
s2539,1291
s2540,1292
s2541,1076
s2542,1293
s2544,1294
s2545,1295
s2546,891
s2548,1296
s2550,1297
s2551,1298
s2554,1299
s2554,1300
s2554,1301
s2554,1302
s2556,1303
s2557,1304
s2558,1305
s2559,228
s2560,1306
s2562,1307
s2563,1308
s2564,1309
s2565,1310
s2566,1311
s2567,1312
s2568,552
s2571,772
s2572,1313
s2573,772
s2574,1314
s2577,1315
s2578,1316
s2579,1317
s2580,811
s2580,810
s2583,417
s2583,418
s2585,1318
s2588,1319
s2590,1320
s2592,1321
s2593,69
s2593,70
s2597,1322
s2598,1323
s2602,1324
s2603,1325
s2604,1326
s2604,1327
s2606,401
s2608,1328
s2611,1329
s2613,576
s2613,1330
s2614,1331
s2615,1332
s2615,1333
s2616,1334
s2617,452
s2618,1335
s2619,454
s2621,401
s2622,401
s2623,1336
s2624,1016
s2625,1337
s2626,972
s2627,1338
s2630,1339
s2631,1064
s2633,654
s2634,1340
s2635,1341
s2636,1342
s2637,1343
s2638,1344
s2639,1016
s2643,1345
s2645,1346
s2647,1347
s2648,1347
s2650,535
s2651,1348
s2654,1349
s2655,1066
s2656,1350
s2657,843
s2660,1351
s2664,1352
s2668,1353
s2669,593
s2672,1354
s2673,1355
s2674,1109
s2675,1356
s2676,1357
s2676,1358
s2678,1359
s2678,1360
s2679,1361
s2680,1362
s2681,1363
s2682,1364
s2683,1365
s2684,1366
s2686,1367
s2687,1368
s2688,880
s2689,1328
s2691,1369
s2694,1370
s2695,1371
s2695,1372
s2696,1373
s2697,1374
s2698,1375
s2701,1376
s2702,1377
s2703,1378
s2704,1379
s2705,1380
s2706,1381
s2707,1382
s2708,344
s2710,1383
s2713,1384
s2715,1385
s2716,1386
s2717,1387
s2718,185
s2720,1388
s2720,1389
s2721,1390
s2722,1391
s2723,1392
s2724,1393
s2725,1394
s2726,1392
s2727,231
s2729,470
s2730,1395
s2731,1141
s2732,1141
s2733,1396
s2734,1397
s2735,1141
s2736,1159
s2739,1398
s2742,1399
s2745,1400
s2745,1401
s2746,1402
s2748,1403
s2750,1404
s2751,1405
s2755,1406
s2756,1407
s2757,1408
s2758,1409
s2759,1410
s2761,1411
s2763,301
s2764,823
s2764,822
s2767,1412
s2769,1413
s2770,1414
s2770,1415
s2771,1047
s2771,1046
s2772,1416
s2774,1417
s2776,1418
s2779,1419
s2781,1420
s2782,1421
s2782,1422
s2783,1423
s2790,1424
s2797,1425
s2799,1426
s2800,1427
s2800,1428
s2801,1429
s2802,1430
s2804,1431
s2807,1432
s2810,1433
s2811,1434
s2816,1435
s2818,1436
s2820,1437
s2821,1438
s2822,1439
s2823,1440
s2824,1441
s2829,1442
s2830,260
s2833,122
s2834,1443
s2835,1444
s2836,1445
s2837,873
s2838,1446
s2840,1447
s2843,1448
s2844,1449
s2845,1450
s2845,1451
s2846,1449
s2847,1452
s2848,1453
s2848,1454
s2849,1309
s2850,1281
s2851,1455
s2852,1456
s2853,1457
s2854,1458
s2857,1459
s2860,1460
s2861,654
s2862,1461
s2863,1462
s2864,158
s2866,1463
s2868,1050
s2874,1464
s2877,1465
s2877,1466
s2878,1467
s2878,1468
s2878,961
s2878,1469
s2878,1470
s2879,1471
s2880,570
s2882,1122
s2883,1066
s2886,188
s2887,1472
s2888,1473
s2890,1474
s2891,1475
s2896,1476
s2897,1477
s2898,1478
s2899,1479
s2900,1480
s2904,1481
s2905,1482
s2906,1483
s2907,1001
s2908,1484
s2909,1485
s2912,1486
s2912,1487
s2913,1488
s2914,1489
s2915,1490
s2916,1491
s2917,465
s2919,117
s2920,1492
s2920,1493
s2920,1494
s2924,1495
s2924,1496
s2925,1497
s2925,1498
s2926,633
s2929,1254
s2929,1253
s2931,736
s2933,1499
s2934,1500
s2935,1501
s2936,1502
s2937,1503
s2940,1504
s2941,1505
s2944,1506
s2947,1507
s2947,1508
s2948,1509
s2950,1510
s2950,1511
s2951,1512
s2952,1513
s2953,1514
s2955,1477
s2956,1515
s2957,1516
s2958,1187
s2961,1517
s2962,1518
s2963,1519
s2964,1520
s2969,1521
s2970,1187
s2971,1522
s2973,1523
s2974,1183
s2976,1524
s2979,1525
s2982,1526
s2986,1527
s2987,591
s2988,769
s2988,1528
s2989,1529
s2989,1530
s2990,1531
s2991,1532
s2996,1533
s2997,327
s3000,1534
s3003,1535
s3003,1536
s3004,1537
s3005,1538
s3007,1539
s3008,1540
s3009,197
s3010,1541
s3015,1542
s3017,1543
s3018,1544
s3019,1545
s3020,1256
s3022,1546
s3023,1547
s3024,1548
s3026,1549
s3027,1550
s3028,1551
s3028,1552
s3030,1349
s3032,1553
s3033,1554
s3037,1144
s3039,1555
s3042,340
s3044,1556
s3045,1557
s3047,1558
s3049,1289
s3052,1559
s3055,1560
s3058,1561
s3058,1562
s3059,1561
s3059,1563
s3060,1561
s3061,832
s3061,96
s3061,1141
s3061,1142
s3062,303
s3063,1564
s3069,476
s3070,1565
s3071,1559
s3074,1566
s3078,1567
s3079,1568
s3081,1569
s3082,1570
s3090,1571
s3091,1572
s3092,1573
s3095,1574
s3097,1575
s3098,530
s3099,1576
s3099,1577
s3100,1578
s3101,340
s3102,1579
s3102,1580
s3103,382
s3105,1581
s3106,1582
s3108,1583
s3110,1584
s3111,1585
s3113,1328
s3115,1586
s3117,1587
s3124,1588
s3125,1589
s3125,1590
s3125,1591
s3125,1592
s3125,1593
s3125,1594
s3125,1595
s3125,1596
s3125,1597
s3125,1598
s3125,1599
s3126,1068
s3127,1600
s3131,1179
s3132,1601
s3133,1142
s3134,1601
s3135,1601
s3136,1602
s3137,462
s3138,1603
s3140,1604
s3141,1605
s3142,1606
s3143,1601
s3144,1142
s3145,1166
s3146,1607
s3148,1604
s3150,1142
s3151,1608
s3152,276
s3153,1609
s3156,1610
s3158,1611
s3159,1612
s3160,1233
s3161,1613
s3162,1614
s3163,1615
s3164,1616
s3165,1617
s3167,515
s3170,1618
s3171,1619
s3172,1620
s3175,1621
s3179,1328
s3180,1328
s3181,1622
s3187,1623
s3189,1624
s3190,1625
s3191,1626
s3192,1627
s3194,1628
s3196,1629
s3198,1630
s3199,1631
s3201,1632
s3202,1633
s3203,1634
s3203,1635
s3204,1636
s3206,1637
s3206,1638
s3207,1639
s3208,1640
s3210,1121
s3211,1641
s3212,1642
s3215,1643
s3216,1644
s3218,1117
s3219,839
s3224,1645
s3225,1646
s3227,1647
s3227,1648
s3228,654
s3229,1313
s3230,1087
s3234,1649
s3236,344
s3238,1650
s3240,1603
s3245,1510
s3245,1511
s3249,1651
s3251,1652
s3252,1653
s3254,1654
s3255,1655
s3257,1656
s3261,1657
s3262,653
s3263,1658
s3265,1659
s3266,1660
s3267,1661
s3268,1662
s3269,1663
s3269,1664
s3273,1665
s3274,1666
s3279,1667
s3281,1668
s3286,1669
s3290,1670
s3291,768
s3297,1671
s3298,1672
s3300,1673
s3301,1674
s3303,1675
s3304,1309
s3306,1676
s3308,1677
s3309,1678
s3310,839
s3312,1679
s3313,1680
s3316,1084
s3318,1084
s3319,1681
s3320,1682
s3320,1683
s3321,1684
s3322,1685
s3323,119
s3324,1686
s3325,1687
s3327,1688
s3330,1689
s3332,1690
s3333,1691
s3335,1390
s3338,237
s3339,1692
s3344,1693
s3348,1694
s3349,1695
s3354,1696
s3354,1697
s3355,1698
s3357,1699
s3359,1700
s3360,1701
s3363,817
s3367,1702
s3372,443
s3373,1703
s3380,1704
s3381,1705
s3384,1706
s3385,1707
s3385,1708
s3387,1709
s3388,1710
s3389,1711
s3390,903
s3392,1712
s3393,122
s3399,1713
s3403,401
s3406,1714
s3408,1715
s3410,1716
s3412,880
s3413,1717
s3414,1718
s3420,1719
s3422,1713
s3423,1720
s3424,1721
s3425,1722
s3426,1723
s3426,1724
s3428,445
s3429,1725
s3430,173
s3432,1726
s3433,1325
s3435,1727
s3439,1728
s3440,1729
s3442,1351
s3444,736
s3447,1730
s3449,1731
s3451,1732
s3452,1733
s3457,1734
s3457,1087
s3460,1735
s3462,1736
s3466,1737
s3472,1738
s3473,1739
s3473,1740
s3476,1741
s3476,1742
s3477,1618
s3478,1743
s3479,999
s3481,1744
s3483,1745
s3485,1746
s3487,1747
s3488,1748
s3495,1749
s3496,565
s3497,1750
s3498,1751
s3499,1752
s3501,1753
s3504,1754
s3507,1755
s3507,1756
s3508,454
s3510,1757
s3512,1049
s3513,567
s3514,1758
s3515,1759
s3517,620
s3518,1760
s3519,1761
s3521,452
s3523,1762
s3524,1763
s3529,597
s3531,1764
s3532,1765
s3533,1766
s3534,449
s3537,1767
s3538,1768
s3542,1769
s3543,1770
s3543,1771
s3545,808
s3546,1245
s3549,552
s3550,1772
s3555,1773
s3556,428
s3557,1774
s3558,1775
s3560,1776
s3561,1777
s3564,1778
s3565,1779
s3566,1780
s3567,1781
s3570,1782
s3573,765
s3575,1783
s3583,1784
s3584,311
s3587,1785
s3590,734
s3590,832
s3591,1786
s3591,1787
s3591,855
s3591,1788
s3591,1789
s3591,1790
s3591,1791
s3592,1362
s3594,1792
s3595,1793
s3596,1794
s3603,1795
s3604,1796
s3604,1797
s3606,1798
s3614,1799
s3615,1799
s3617,1800
s3618,1801
s3619,478
s3620,1613
s3621,1525
s3623,1307
s3624,1802
s3626,1803
s3627,1520
s3631,1804
s3632,1805
s3635,1806
s3638,1807
s3639,1627
s3640,1808
s3642,45
s3646,1809
s3647,1373
s3647,1810
s3648,1811
s3649,1812
s3650,1813
s3650,1814
s3651,1815
s3653,1816
s3654,1817
s3658,1119
s3659,1818
s3662,1819
s3663,1820
s3669,1821
s3671,1822
s3673,1823
s3676,1824
s3680,1825
s3694,1623
s3699,1826
s3700,1827
s3702,1828
s3704,1829
s3707,1830
s3710,158
s3712,327
s3712,1831
s3714,1800
s3716,1832
s3718,1049
s3718,1833
s3719,1834
s3719,1834
s3720,1835
s3720,1836
s3720,1837
s3721,1838
s3729,1838
s3729,1839
s3730,1840
s3730,1841
s3731,1842
s3732,1378
s3734,1373
s3735,1843
s3736,1844
s3740,1845
s3741,1846
s3748,1324
s3754,1847
s3757,1848
s3758,1849
s3759,1525
s3760,654
s3762,1850
s3764,1851
s3765,1852
s3766,1853
s3767,1854
s3768,1855
s3769,1856
s3772,49
s3773,1857
s3774,1665
s3776,1858
s3777,1281
s3782,1859
s3784,1860
s3786,288
s3787,1861
s3789,87
s3791,1862
s3792,1863
s3794,1864
s3798,1865
s3799,239
s3801,1866
s3805,1867
s3806,1623
s3814,1868
s3816,1869
s3817,1870
s3819,1871
s3820,1872
s3821,1873
s3823,1874
s3826,1875
s3830,1084
s3831,1876
s3833,1877
s3834,1878
s3835,1879
s3837,1756
s3842,596
s3843,1880
s3859,1881
s3861,1882
s3863,1883
s3864,304
s3866,1884
s3867,1885
s3869,1886
s3870,15
s3872,1887
s3873,1888
s3874,1889
s3875,1890
s3876,1891
s3878,1281
s3886,1892
s3889,552
s3890,401
s3891,1893
s3895,1894
s3900,1895
s3904,1896
s3905,1897
s3906,1898
s3907,1899
s3909,1900
s3911,33
s3912,1901
s3914,950
s3915,1800
s3916,1902
s3917,1903
s3918,1904
s3919,1905
s3920,968
s3922,1773
s3923,1906
s3924,1906
s3927,1907
s3929,1908
s3929,1909
s3929,1910
s3929,1911
s3930,552
s3931,1912
s3933,1913
s3936,1914
s3940,128
s3946,1915
s3949,1849
s3949,1916
s3951,1917
s3952,1918
s3953,839
s3955,1919
s3956,1920
s3958,1921
s3960,1922
s3961,1923
s3963,1924
s3964,1925
s3967,1926
s3973,1927
s3974,535
s3975,1351
s3976,1928
s3978,1929
s3979,1930
s3979,1931
s3983,1932
s3986,706
s3991,1933
s3992,1934
s3993,793
s3994,1935
s3995,778
s3996,1637
s3998,1936
s3998,1937
s4000,1938
s4001,1939
s4003,1940
s4004,1941
s4005,1869
s4006,1942
s4008,567
s4009,303
s4009,1943
s4010,567
s4011,303
s4012,1944
s4014,954
s4018,1935
s4019,1945
s4020,1934
s4021,778
s4022,738
s4025,1946
s4032,1947
s4032,1948
s4034,1949
s4035,1950
s4037,1951
s4038,1282
s4039,1933
s4040,1945
s4041,293
s4042,1952
s4046,1953
s4047,478
s4048,862
s4049,1954
s4052,1955
s4054,1956
s4059,1957
s4060,1958
s4061,1959
s4063,1960
s4065,1961
s4065,1962
s4066,319
s4067,1963
s4068,1964
s4069,738
s4070,1933
s4071,478
s4072,478
s4073,1965
s4074,738
s4075,738
s4076,738
s4077,738
s4078,898
s4079,1945
s4081,1966
s4082,1967
s4083,1968
s4084,1351
s4086,1969
s4087,1970
s4088,1971
s4089,1972
s4092,1973
s4093,1974
s4094,1975
s4095,1976
s4096,1977
s4098,1978
s4099,1979
s4101,1980
s4102,1981
s4103,950
s4104,970
s4105,1982
s4107,1983
s4108,1984
s4109,1985
s4111,1986
s4111,1987
s4113,1988
s4114,1989
s4116,1361
s4121,1716
s4122,1990
s4124,1991
s4125,1992
s4129,1258
s4134,1993
s4135,1994
s4137,1995
s4137,1996
s4139,1997
s4140,1998
s4147,1999
s4148,2000
s4149,62
s4152,1628
s4153,2001
s4155,2002
s4156,2003
s4158,2004
s4159,2005
s4160,535
s4161,2006
s4162,535
s4162,2007
s4165,2008
s4166,2009
s4166,2010
s4170,2011
s4174,2012
s4174,2013
s4175,2014
s4178,2015
s4181,2016
s4182,2017
s4183,402
s4187,2018
s4189,131
s4191,2019
s4192,2020
s4193,2021
s4194,2022
s4195,1849
s4196,1849
s4198,2023
s4199,898
s4205,2024
s4206,2025
s4209,2026
s4209,2027
s4210,2028
s4211,2029
s4212,2030
s4213,2031
s4215,2032
s4218,2033
s4218,2034
s4220,2035
s4222,2036
s4223,1809
s4224,1465
s4225,2037
s4226,2038
s4229,2039
s4230,2039
s4232,2040
s4233,2040
s4234,2041
s4234,2042
s4238,2043
s4239,2043
s4240,2043
s4244,2044
s4245,2045
s4247,2046
s4248,2046
s4249,1809
s4250,2047
s4253,2048
s4256,2049
s4260,2050
s4263,2051
s4268,2052
s4269,2053
s4278,2054
s4279,2055
s4281,2056
s4282,2057
s4283,2058
s4284,2059
s4285,252
s4285,2060
s4286,2061
s4287,1569
s4288,2062
s4290,2063
s4290,2064
s4292,2065
s4293,2066
s4294,2067
s4295,2068
s4296,2069
s4298,2070
s4300,2046
s4302,2046
s4304,2071
s4307,2072
s4315,1281
s4316,2073
s4318,2074
s4320,2075
s4322,2076
s4325,2077
s4329,2078
s4330,2079
s4331,2080
s4333,2081
s4334,2082
s4335,2083
s4336,2084
s4337,2085
s4338,2082
s4339,2082
s4340,2086
s4342,2087
s4342,2088
s4343,2089
s4344,2079
s4346,2090
s4347,2091
s4349,2092
s4350,2093
s4352,1622
s4353,799
s4355,2094
s4355,2095
s4356,2096
s4358,2097
s4359,1904
s4361,2098
s4362,2099
s4365,2100
s4365,2101
s4370,2102
s4371,2103
s4374,2104
s4375,1849
s4376,2105
s4378,2106
s4379,2107
s4383,2108
s4384,2109
s4386,1360
s4386,1359
s4389,2110
s4391,841
s4392,2111
s4393,2112
s4395,2113
s4395,2114
s4396,2115
s4397,856
s4397,857
s4398,2116
s4402,2117
s4403,2118
s4405,2119
s4412,2120
s4415,2121
s4418,2122
s4419,2123
s4420,2124
s4421,2125
s4422,2126
s4423,2127
s4424,2127
s4425,2128
s4426,2129
s4427,92
s4428,929
s4429,841
s4430,125
s4430,2130
s4432,2131
s4433,1152
s4434,2132
s4435,2133
s4436,2134
s4438,2135
s4439,2126
s4440,2136
s4441,98
s4442,2137
s4443,2138
s4444,2139
s4445,2140
s4446,1607
s4447,2141
s4448,2142
s4449,2143
s4450,92
s4451,1613
s4452,1146
s4453,2144
s4454,2126
s4455,96
s4456,987
s4457,2145
s4458,694
s4459,2146
s4460,2147
s4461,2148
s4463,2149
s4464,2150
s4465,837
s4467,466
s4468,2151
s4469,2008
s4471,1113
s4473,2152
s4474,2153
s4478,2154
s4481,1794
s4483,111
s4485,340
s4487,2155
s4487,2156
s4491,1831
s4493,1204
s4494,2157
s4497,2158
s4500,2159
s4501,2112
s4503,2160
s4506,2161
s4507,2162
s4508,522
s4510,2163
s4511,2164
s4513,2165
s4516,2166
s4520,2167
s4523,415
s4525,2168
s4525,2169
s4526,1776
s4527,2170
s4529,2171
s4533,2172
s4534,2173
s4538,2174
s4539,2175
s4540,340
s4541,2176
s4541,2177
s4545,2176
s4546,2178
s4548,2179
s4548,2180
s4549,2181
s4549,2182
s4553,2034
s4555,2180
s4557,2183
s4558,841
s4559,180
s4560,2184
s4561,2185
s4562,1862
s4563,832
s4564,2186
s4566,1397
s4568,2135
s4569,2187
s4570,2188
s4572,92
s4573,2189
s4574,465
s4575,2190
s4576,2191
s4577,2189
s4578,1663
s4579,2192
s4580,2193
s4581,1403
s4582,985
s4583,2194
s4584,2195
s4585,2086
s4586,2135
s4587,1320
s4588,2196
s4589,2197
s4590,2198
s4591,2198
s4592,2199
s4593,2160
s4594,2200
s4595,1628
s4596,2201
s4597,2202
s4598,2203
s4599,2204
s4600,2205
s4601,1157
s4601,1156
s4602,1156
s4602,1157
s4603,2206
s4604,2207
s4606,2208
s4608,2141
s4610,2209
s4611,734
s4612,2184
s4613,2210
s4614,2211
s4615,2212
s4616,2213
s4617,2214
s4618,2215
s4619,2216
s4620,2217
s4625,1849
s4627,2218
s4631,2219
s4631,2220
s4642,2221
s4643,2222
s4647,2223
s4650,2224
s4657,2225
s4657,2226
s4658,2227
s4660,2228
s4661,522
s4662,1049
s4665,2229
s4666,882
s4667,2230
s4668,2231
s4669,2232
s4670,2233
s4672,2234
s4676,848
s4680,2235
s4681,1985
s4682,2236
s4684,2237
s4686,2238
s4687,2239
s4688,2240
s4689,1363
s4691,2241
s4692,2242
s4693,2243
s4694,2244
s4695,2245
s4698,2246
s4699,2247
s4700,2248
s4701,734
s4702,2249
s4706,2250
s4707,2251
s4708,2252
s4709,1248
s4713,2253
s4714,2254
s4715,2255
s4716,2256
s4716,2257
s4716,2258
s4719,2259
s4720,2191
s4721,1159
s4721,2260
s4722,2137
s4723,1607
s4724,2261
s4725,2262
s4726,2191
s4727,972
s4728,1394
s4729,1319
s4730,2263
s4731,465
s4732,694
s4733,1862
s4734,2264
s4735,972
s4736,2265
s4737,974
s4738,2191
s4740,2266
s4740,2267
s4741,2268
s4746,2269
s4747,2269
s4749,2270
s4750,2271
s4750,2272
s4752,2273
s4756,1639
s4757,1656
s4758,1446
s4761,2274
s4766,1617
s4769,450
s4770,2026
s4770,2027
s4771,183
s4774,1583
s4775,2275
s4776,2276
s4780,2277
s4782,2271
s4782,2272
s4783,2278
s4784,2279
s4785,2280
s4786,2148
s4787,2281
s4788,2281
s4789,1281
s4790,2282
s4791,2283
s4792,366
s4792,1670
s4793,2193
s4794,2284
s4795,582
s4796,2111
s4797,2285
s4798,1295
s4800,2286
s4801,1148
s4803,2287
s4804,1373
s4806,2288
s4807,2289
s4809,2271
s4809,2272
s4811,2290
s4813,2291
s4815,1525
s4817,2292
s4818,2293
s4820,2294
s4823,2295
s4824,1250
s4824,2296
s4826,1142
s4826,1141
s4826,832
s4826,96
s4827,2297
s4829,1294
s4830,2298
s4831,2299
s4834,2300
s4835,2301
s4836,1899
s4840,2302
s4841,2303
s4843,260
s4844,2304
s4848,2305
s4850,2271
s4850,2272
s4851,2306
s4852,1281
s4855,2060
s4856,556
s4859,2307
s4861,1160
s4862,2308
s4864,1373
s4865,2309
s4865,2310
s4867,2271
s4867,2272
s4869,119
s4871,2311
s4872,2312
s4873,2313
s4874,2104
s4876,2314
s4877,2315
s4879,2316
s4881,2317
s4882,2318
s4883,2319
s4884,552
s4885,2320
s4886,2321
s4887,2322
s4889,2323
s4890,2324
s4891,1272
s4892,841
s4894,2325
s4900,125
s4902,2326
s4903,2327
s4905,2328
s4906,2329
s4908,2330
s4910,2331
s4913,2332
s4916,2333
s4917,2334
s4917,2335
s4918,2336
s4918,2337
s4918,2338
s4919,2339
s4920,2340
s4921,2341
s4922,315
s4924,2342
s4928,566
s4929,2343
s4930,2344
s4932,2345
s4933,2346
s4935,2347
s4936,2348
s4937,2349
s4938,2350
s4939,1351
s4940,2351
s4941,2271
s4941,2272
s4944,2352
s4945,2353
s4946,2354
s4948,2355
s4949,125
s4951,1351
s4953,2356
s4954,2357
s4955,2356
s4956,2358
s4957,2193
s4959,2359
s4960,2360
s4961,2361
s4963,2271
s4963,2272
s4964,2362
s4966,2239
s4967,2239
s4969,2363
s4970,1627
s4971,1847
s4972,2364
s4973,2365
s4975,2366
s4976,2367
s4978,2368
s4983,2369
s4984,2370
s4987,2371
s4988,2372
s4990,2373
s4991,2374
s4992,2375
s4994,2376
s4997,2377
s4997,2378
s4999,303
s5002,2271
s5002,2272
s5003,2271
s5003,2272
s5004,2379
s5007,2380
s5008,109
s5009,109
s5010,95
s5011,672
s5012,2381
s5013,2382
s5014,2383
s5015,465
s5016,1261
s5016,1262
s5016,1263
s5017,1261
s5017,1262
s5017,1263
s5018,1261
s5018,1262
s5018,1263
s5019,2239
s5020,2239
s5021,2384
s5022,109
s5023,2385
s5025,1281
s5026,1548
s5029,2386
s5032,2387
s5034,2388
s5035,2389
s5038,2390
s5040,366
s5041,2391
s5042,2392
s5042,2393
s5043,2394
s5045,2395
s5048,2396
s5051,2397
s5052,2398
s5054,108
s5056,2399
s5057,2400
s5059,2401
s5059,2402
s5060,2403
s5061,1212
s5063,2271
s5063,2272
s5065,2404
s5067,2271
s5067,2272
s5068,2405
s5072,1212
s5073,2406
s5074,2407
s5074,2408
s5075,2409
s5077,2271
s5077,2272
s5078,2026
s5078,2027
s5080,2410
s5080,2411
s5081,2412
s5082,2413
s5084,2414
s5085,2415
s5087,1373
s5089,2416
s5092,2417
s5093,1431
s5094,2418
s5097,2419
s5101,1776
s5102,2420
s5103,2421
s5105,2422
s5107,791
s5108,2423
s5109,1809
s5111,2424
s5112,2425
s5114,377
s5115,2426
s5116,2427
s5116,841
s5117,2428
s5118,2346
s5122,237
s5123,2429
s5124,2430
s5125,2431
s5128,1281
s5130,846
s5131,2411
s5132,2410
s5132,2411
s5134,2432
s5135,1809
s5136,972
s5137,2433
s5138,2434
s5138,2435
s5143,2436
s5144,2437
s5144,2438
s5145,2439
s5147,1214
s5149,2440
s5149,2441
s5152,2442
s5154,2443
s5159,361
s5159,2444
s5161,2445
s5162,565
s5163,2446
s5164,521
s5165,571
s5168,1478
s5172,1281
s5173,2447
s5175,2448
s5177,2271
s5177,2272
s5178,1980
s5180,2449
s5182,2450
s5184,974
s5187,2451
s5188,2452
s5189,2453
s5189,1947
s5190,2454
s5191,2455
s5197,2456
s5198,2457
s5199,2458
s5200,2104
s5202,2459
s5203,2460
s5204,182
s5205,2461
s5208,1704
s5212,2462
s5213,2463
s5214,2311
s5215,98
s5218,2464
s5219,2465
s5221,2466
s5223,2467
s5224,2468
s5225,2272
s5227,239
s5228,1618
s5229,2469
s5230,2470
s5231,1373
s5235,2471
s5236,2472
s5239,2473
s5242,2474
s5249,2475
s5250,2476
s5250,2477
s5253,2417
s5256,2478
s5261,2479
s5262,2480
s5265,2481
s5266,2482
s5267,2483
s5268,2484
s5269,2485
s5270,1034
s5271,1481
s5274,2486
s5277,303
s5278,2487
s5280,2488
s5280,2489
s5283,2247
s5284,260
s5291,2412
s5293,2490
s5294,2490
s5295,2491
s5297,2412
s5301,2492
s5303,2493
s5304,2494
s5305,2411
s5307,2495
s5309,2496
s5309,2497
s5310,2410
s5310,2411
s5311,2011
s5311,2498
s5312,2499
s5313,2500
s5314,2501
s5315,2498
s5315,2011
s5316,1281
s5317,2502
s5318,2503
s5319,2504
s5320,1281
s5323,2505
s5323,2506
s5324,2507
s5326,1809
s5327,1809
s5329,364
s5330,2508
s5331,2509
s5332,311
s5333,2510
s5334,237
s5335,2511
s5338,2511
s5341,2512
s5342,2513
s5343,2271
s5343,2272
s5344,2514
s5345,2515
s5347,1109
s5352,2516
s5354,2517
s5359,2518
s5360,183
s5362,2519
s5365,2520
s5369,2521
s5370,1820
s5372,2522
s5373,2523
s5374,2524
s5375,651
s5376,2525
s5378,2526
s5379,1809
s5380,1809
s5382,2527
s5386,2528
s5388,2529
s5389,2530
s5390,183
s5392,2531
s5395,2532
s5397,2533
s5399,2534
s5401,2531
s5403,2535
s5409,2411
s5412,2536
s5416,233
s5417,2537
s5418,416
s5420,2538
s5421,2260
s5424,2539
s5424,2540
s5425,2405
s5429,2541
s5430,2542
s5431,2543
s5432,2544
s5433,2545
s5436,2546
s5441,2547
s5442,2548
s5443,2112
s5443,2549
s5444,1172
s5447,2550
s5448,2411
s5449,2551
s5450,2552
s5451,2544
s5452,2551
s5453,2553
s5454,2554
s5455,2555
s5456,2556
s5461,2556
s5462,2531
s5463,2411
s5464,2557
s5467,2551
s5469,604
s5470,2191
s5473,2558
s5474,1694
s5475,2559
s5477,2027
s5479,2560
s5479,2561
s5481,1351
s5482,2412
s5483,2562
s5484,2563
s5486,2412
s5487,2564
s5488,346
s5490,2565
s5490,2566
s5490,2567
s5491,2568
s5492,2569
s5493,2570
s5494,2571
s5496,2272
s5496,2271
s5497,2572
s5498,2573
s5499,2574
s5500,1392
s5501,2575
s5502,2576
s5503,2577
s5505,2578
s5506,2579
s5507,2580
s5508,2581
s5508,2582
s5512,44
s5513,2583
s5516,2584
s5517,2585
s5518,2586
s5518,2587
s5519,1281
s5523,2588
s5525,2589
s5526,1809
s5527,791
s5528,791
s5529,791
s5530,2590
s5531,22
s5532,2591
s5533,2592
s5534,2593
s5535,2594
s5536,839
s5537,2595
s5537,2596
s5540,1821
s5541,2597
s5544,2598
s5545,2599
s5546,2600
s5547,2601
s5548,2602
s5550,2603
s5551,2604
s5552,2605
s5553,2606
s5556,2607
s5557,2608
s5558,1525
s5560,1362
s5561,2609
s5562,2610
s5563,1776
s5565,2611
s5566,2612
s5569,2613
s5571,2614
s5572,2615
s5573,2616
s5574,2617
s5574,2618
s5575,2619
s5577,1525
s5578,2620
s5580,2621
s5582,401
s5583,1938
s5585,2622
s5587,1313
s5587,2623
s5588,462
s5589,2624
s5590,2625
s5591,2626
s5595,2106
s5596,1968
s5597,946
s5598,2627
s5600,1146
s5601,2628
s5605,2629
s5606,2630
s5607,2631
s5608,2632
s5611,2633
s5614,1753
s5614,2634
s5615,2271
s5615,2272
s5616,2635
s5617,137
s5618,2356
s5619,2287
s5620,2636
s5621,2637
s5622,2638
s5623,1373
s5624,2639
s5625,2640
s5626,2641
s5627,2642
s5628,1281
s5629,2643
s5630,2644
s5631,2645
s5632,1676
s5633,2646
s5634,2647
s5635,2648
s5636,2649
s5638,2650
s5639,2651
s5640,2652
s5642,2653
s5643,2654
s5644,2655
s5645,2656
s5646,2657
s5647,1613
s5648,2658
s5649,2659
s5649,681
s5650,2577
s5652,971
s5653,2660
s5657,2661
s5658,2662
s5658,2663
s5660,1519
s5661,567
s5662,2664
s5664,2665
s5665,2666
s5667,2667
s5675,2668
s5677,2669
s5679,2271
s5679,2272
s5680,1970
s5682,2670
s5683,2671
s5686,2672
s5688,1970
s5689,2673
s5690,2674
s5692,2675
s5694,2676
s5695,2677
s5697,2678
s5698,2679
s5699,2680
s5702,2681
s5703,2682
s5705,2683
s5706,2684
s5707,2685
s5709,952
s5710,2686
s5711,2230
s5712,2272
s5712,2687
s5713,1525
s5713,2688
s5714,1817
s5715,1300
s5718,2689
s5719,2690
s5720,420
s5722,2691
s5725,1281
s5727,2692
s5734,2693
s5734,2694
s5736,2695
s5737,2104
s5738,2696
s5739,2697
s5740,2698
s5741,2699
s5743,2700
s5744,2701
s5746,2702
s5747,2703
s5748,2490
s5749,2044
s5750,2044
s5751,2704
s5755,1977
s5756,2705
s5757,2706
s5759,2707
s5761,2708
s5762,1998
s5765,2709
s5766,2710
s5768,2711
s5771,1772
s5773,2482
s5774,2198
s5775,2712
s5777,2713
s5779,2714
s5780,2715
s5780,2716
s5781,2717
s5785,2311
s5793,2718
s5794,565
s5797,2719
s5809,1373
s5810,2720
s5811,2721
s5816,2722
s5817,565
s5818,1373
s5819,1809
s5820,2723
s5821,2722
s5825,2724
s5827,2725
s5829,2726
s5831,2727
s5832,304
s5833,2728
s5834,2230
s5835,21
s5836,1351
s5838,2729
s5838,2730
s5838,2731
s5838,2732
s5838,2733
s5838,2734
s5838,2230
s5838,2735
s5838,2736
s5838,2737
s5838,1901
s5840,2271
s5840,2272
s5841,2738
s5842,1113
s5843,366
s5843,1670
s5847,2593
s5848,1373
s5849,2633
s5852,2739
s5852,2740
s5853,2417
s5858,2741
s5859,2742
s5860,1273
s5861,2743
s5861,2744
s5862,2745
s5865,2746
s5866,2657
s5869,1613
s5873,2271
s5873,2272
s5874,1113
s5875,1113
s5876,1373
s5877,2747
s5879,2748
s5880,2749
s5881,1260
s5881,1261
s5881,1262
s5881,1263
s5882,197
s5884,2750
s5885,1582
s5887,2751
s5888,205
s5888,2752
s5888,2753
s5888,2754
s5888,2755
s5888,2756
s5888,2757
s5888,2758
s5888,2759
s5888,2760
s5888,2761
s5888,2762
s5888,2763
s5889,1658
s5890,2764
s5891,2765
s5892,2766
s5893,2767
s5893,2768
s5895,1373
s5897,2124
s5898,2769
s5898,2770
s5899,1133
s5900,1373
s5902,2771
s5902,2772
s5904,2424
s5905,2773
s5906,2774
s5908,2775
s5910,2776
s5912,1613
s5913,2777
s5914,2537
s5916,2778
s5917,2779
s5918,1801
s5922,1373
s5925,1613
s5928,2780
s5929,2670
s5931,2781
s5931,2782
s5932,2783
s5932,2784
s5935,2785
s5936,2786
s5937,2787
s5938,2788
s5939,2789
s5939,2790
s5942,2791
s5943,2792
s5944,2793
s5945,2794
s5946,2795
s5947,2796
s5948,2797
s5949,2798
s5950,2799
s5951,2800
s5952,2801
s5953,2802
s5954,2803
s5954,2804
s5955,2805
s5956,2806
s5957,2807
s5958,2808
s5959,2809
s5960,8
s5961,2810
s5962,2811
s5963,626
s5964,854
s5966,415
s5967,1924
s5969,2812
s5970,2813
s5971,2814
s5974,2815
s5976,2816
s5977,443
s5978,2817
s5980,2818
s5981,2819
s5982,423
s5986,2820
s5988,2821
s5989,2822
s5991,2823
s5992,2824
s5992,2825
s5993,2826
s5994,2827
s5995,2828
s5996,2829
s5997,2124
s5999,2830
s6000,2831
s6001,2832
s6001,2833
s6003,2834
s6004,2835
s6005,2836
s6006,2837
s6007,2838
s6009,2839
s6010,2840
s6012,2841
s6013,2842
s6014,2843
s6015,2844
s6016,2845
s6018,2846
s6019,2847
s6020,2848
s6021,2166
s6022,2849
s6023,2850
s6024,2851
s6025,2852
s6026,2853
s6026,2854
s6028,2832
s6028,2833
s6029,2855
s6030,1801
s6031,2856
s6032,2857
s6033,2858
s6034,2859
s6035,2860
s6036,2127
s6037,2861
s6040,311
s6041,2862
s6042,2863
s6043,2864
s6047,1946
s6050,2039
s6051,2224
s6052,2865
s6053,2866
s6054,1244
s6055,2867
s6056,2868
s6057,2869
s6058,1359
s6058,1360
s6059,2870
s6060,2871
s6061,2872
s6062,711
s6063,2873
s6064,1160
s6066,637
s6069,2874
s6070,2875
s6071,448
s6072,2876
s6073,2877
s6074,694
s6075,33
s6076,2878
s6077,2814
s6079,1768
s6080,557
s6080,2879
s6081,2880
s6082,201
s6082,291
s6083,2881
s6084,2882
s6085,2883
s6086,2884
s6087,2885
s6087,2886
s6088,578
s6089,2887
s6091,2888
s6092,2889
s6093,2890
s6094,2891
s6098,995
s6099,2892
s6100,2893
s6104,2235
s6105,2894
s6107,2895
s6108,1156
s6108,1157
s6110,2896
s6111,2897
s6111,450
s6112,654
s6113,2898
s6114,411
s6116,2899
s6117,2900
s6117,2901
s6117,2902
s6118,2903
s6119,2904
s6120,2905
s6121,2848
s6122,2906
s6123,2907
s6124,2908
s6125,2909
s6126,2909
s6129,2910
s6130,2911
s6131,2912
s6132,2913
s6134,2914
s6135,2065
s6136,2915
s6139,2916
s6141,2917
s6142,2918
s6143,2919
s6144,2920
s6145,2921
s6146,2922
s6148,2923
s6149,2924
s6150,2925
s6152,2900
s6153,2926
s6153,2927
s6154,2928
s6155,2928
s6156,1231
s6158,2929
s6159,2930
s6159,1333
s6160,2931
s6161,2932
s6163,2933
s6164,2934
s6165,2847
s6166,2935
s6169,2936
s6170,2937
s6171,2938
s6172,542
s6173,2939
s6176,2940
s6177,2941
s6180,2942
s6180,2943
s6181,1875
s6182,2944
s6182,2945
s6183,2946
s6184,2947
s6185,2948
s6186,2949
s6187,2950
s6188,610
s6189,2951
s6190,2952
s6191,2953
s6192,2954
s6193,2955
s6194,2956
s6196,2957
s6196,2958
s6197,2959
s6197,2960
s6198,2961
s6200,2962
s6201,2963
s6201,2964
s6202,2965
s6203,1143
s6204,2966
s6205,2967
s6206,2968
s6208,2969
s6209,2970
s6210,2971
s6211,2972
s6212,1608
s6213,1608
s6215,2973
s6216,2974
s6218,2975
s6218,2976
s6219,2977
s6221,2927
s6222,2978
s6223,2978
s6224,2979
s6225,451
s6226,2980
s6227,2981
s6227,2982
s6228,2983
s6230,2984
s6231,2985
s6232,2986
s6233,2987
s6235,1171
s6236,2988
s6237,2989
s6238,2474
s6239,2990
s6239,2991
s6240,2992
s6241,2993
s6242,1034
s6243,2993
s6244,1034
s6244,2993
s6244,2991
s6245,2994
s6246,2995
s6247,891
s6248,64
s6249,1177
s6252,2996
s6255,2997
s6256,2998
s6257,2999
s6258,3000
s6261,3001
s6267,3002
s6268,3003
s6269,3004
s6269,3005
s6270,2947
s6271,3006
s6272,2873
s6273,2782
s6275,3007
s6278,3008
s6279,3009
s6281,3010
s6283,3011
s6284,3012
s6285,3012
s6286,445
s6289,3013
s6290,3014
s6291,1064
s6293,3015
s6294,3016
s6297,125
s6299,125
s6300,180
s6301,3017
s6303,3018
s6304,6
s6306,976
s6307,3019
s6308,3020
s6309,1578
s6310,3021
s6311,1525
s6312,3022
s6313,3023
s6313,3024
s6314,3025
s6315,3026
s6315,3027
s6315,3028
s6315,3029
s6316,3030
s6317,3031
s6318,3032
s6320,3033
s6321,3034
s6322,3035
s6323,38
s6326,850
s6327,3036
s6328,1703
s6329,3037
s6331,3038
s6332,3039
s6333,3040
s6334,3041
s6335,3042
s6337,3043
s6338,3044
s6339,3045
s6340,3046
s6341,3047
s6343,2217
s6344,333
s6345,3048
s6347,3049
s6349,3050
s6350,3051
s6351,3052
s6352,3053
s6352,3054
s6354,3055
s6354,3056
s6355,2757
s6355,3057
s6356,3058
s6357,3059
s6359,3060
s6360,3061
s6363,3062
s6363,3063
s6364,3064
s6366,3065
s6367,3066
s6368,3067
s6370,3068
s6371,411
s6372,3069
s6373,3070
s6375,1965
s6376,3071
s6377,3072
s6378,3073
s6380,15
s6381,3074
s6383,3075
s6384,3075
s6385,3075
s6387,3076
s6389,3077
s6391,3078
s6393,3079
s6395,3080
s6395,3081
s6396,3082
s6397,3083
s6398,3084
s6400,505
s6401,3085
s6403,3086
s6404,2137
s6409,3087
s6410,3088
s6411,3089
s6413,3090
s6415,3091
s6415,3092
s6416,3093
s6419,3094
s6420,3095
s6422,3096
s6423,3097
s6424,3098
s6425,1421
s6425,1422
s6426,3099
s6428,48
s6429,3100
s6430,3100
s6432,3101
s6434,766
s6436,3102
s6437,3103
s6438,3104
s6439,3105
s6440,3106
s6441,95
s6442,3107
s6443,3108
s6444,3109
s6445,3110
s6446,3111
s6447,63
s6448,239
s6449,3112
s6449,3113
s6450,95
s6451,434
s6453,3100
s6453,3114
s6454,3115
s6455,3116
s6459,306
s6465,185
s6465,3117
s6466,3118
s6467,3119
s6468,1066
s6469,3120
s6471,3121
s6473,3122
s6474,3123
s6475,3124
s6476,3125
s6477,3126
s6479,3127
s6480,3128
s6481,155
s6482,3129
s6483,2501
s6485,3130
s6486,2997
s6487,291
s6489,1587
s6489,3131
s6490,3132
s6492,3133
s6493,3134
s6494,3135
s6495,3136
s6497,3137
s6498,2749
s6500,3138
s6501,3139
s6502,3140
s6502,3141
s6502,3142
s6503,1199
s6504,3143
s6511,3144
s6512,333
s6513,3145
s6516,3146
s6517,3147
s6518,2556
s6519,3148
s6523,180
s6524,3149
s6527,963
s6528,3150
s6529,3151
s6530,443
s6531,180
s6534,3152
s6535,1569
s6537,3153
s6538,3154
s6540,3155
s6540,3156
s6541,668
s6542,3157
s6544,3158
s6545,3159
s6546,3160
s6547,3161
s6548,1906
s6549,3162
s6551,3163
s6552,3164
s6553,3165
s6554,3166
s6555,3167
s6556,3168
s6558,2301
s6559,3169
s6562,3170
s6563,104
s6565,3171
s6566,3172
s6567,3173
s6568,3174
s6570,3175
s6571,3176
s6574,3177
s6575,3178
s6575,3179
s6576,1618
s6576,3180
s6577,3181
s6578,3182
s6579,3183
s6580,1810
s6581,3184
s6582,2880
s6583,3185
s6584,3186
s6585,3187
s6586,3188
s6589,974
s6590,3189
s6590,3190
s6591,3191
s6593,3192
s6594,3044
s6596,3193
s6597,3194
s6598,3195
s6599,3196
s6600,3197
s6601,3198
s6603,2975
s6603,2976
s6605,930
s6606,3199
s6607,3200
s6609,3201
s6610,2908
s6611,2562
s6613,238
s6615,3202
s6616,3203
s6617,3204
s6618,39
s6620,3205
s6621,3206
s6622,3207
s6623,3208
s6624,3098
s6625,3209
s6625,3210
s6625,3211
s6625,3212
s6625,3213
s6625,3214
s6625,3215
s6625,3216
s6625,3217
s6625,3218
s6626,3219
s6627,3220
s6628,2888
s6629,2888
s6630,2888
s6631,3221
s6632,3222
s6633,2623
s6634,2250
s6635,341
s6637,3100
s6638,3223
s6640,3224
s6641,3225
s6641,3226
s6642,3227
s6643,3228
s6644,3229
s6645,3230
s6648,3231
s6650,3232
s6654,3233
s6655,3234
s6656,565
s6657,3235
s6658,3236
s6662,3237
s6663,3238
s6665,775
s6666,3239
s6667,3240
s6668,3241
s6669,2975
s6669,2976
s6670,2062
s6671,3242
s6676,2017
s6681,3243
s6683,3244
s6684,3245
s6684,3246
s6687,3247
s6688,3248
s6689,3249
s6690,3250
s6693,3251
s6695,3252
s6697,377
s6699,3253
s6700,3254
s6701,3255
s6702,3256
s6703,108
s6704,3257
s6705,3258
s6706,138
s6707,3259
s6709,3260
s6711,81
s6712,250
s6713,3261
s6714,2869
s6716,251
s6717,3262
s6720,3263
s6722,3264
s6723,341
s6724,3265
s6726,445
s6727,445
s6728,445
s6730,3266
s6731,3267
s6734,1845
s6735,3067
s6736,3135
s6737,3268
s6737,3269
s6739,3270
s6740,3271
s6741,3272
s6743,3273
s6744,2033
s6746,72
s6747,3274
s6748,3275
s6749,3276
s6750,3277
s6752,3278
s6753,505
s6754,3279
s6755,3280
s6756,3279
s6757,3281
s6758,3282
s6759,3283
s6760,46
s6761,3284
s6763,3285
s6766,3286
s6768,3287
s6769,1064
s6770,3288
s6772,3289
s6772,3290
s6773,3291
s6777,1541
s6779,3292
s6780,3293
s6781,3294
s6782,3012
s6784,3295
s6784,3296
s6785,3297
s6791,3298
s6793,2250
s6794,3135
s6795,1618
s6797,3299
s6798,1182
s6799,43
s6800,3300
s6801,1233
s6802,3301
s6802,3302
s6803,3303
s6805,3304
s6806,3305
s6808,3306
s6809,803
s6810,3307
s6811,944
s6814,430
s6815,2578
s6817,3308
s6818,3309
s6819,3310
s6820,3311
s6822,3312
s6824,3313
s6827,654
s6829,3314
s6830,3315
s6831,3316
s6832,3317
s6833,3318
s6838,3319
s6839,3320
s6840,3321
s6841,3195
s6843,2847
s6844,3322
s6845,891
s6846,3323
s6847,3324
s6847,17
s6848,1029
s6849,3324
s6851,3324
s6852,3325
s6853,3249
s6854,3326
s6854,3327
s6855,3328
s6856,1933
s6859,3329
s6860,3330
s6860,3331
s6861,3332
s6862,3329
s6863,3333
s6864,3334
s6865,2997
s6867,48
s6868,3335
s6870,3336
s6871,137
s6873,3337
s6874,3338
s6875,3339
s6876,2314
s6877,3340
s6878,3341
s6879,741
s6880,3342
s6881,654
s6882,3343
s6883,1383
s6884,2395
s6885,3344
s6887,3345
s6888,3346
s6889,166
s6892,930
s6893,3347
s6894,76
s6897,2217
s6898,1025
s6903,3348
s6904,2995
s6905,1331
s6906,1331
s6909,3349
s6910,2873
s6911,532
s6911,3350
s6911,3351
s6911,3352
s6911,3353
s6911,3354
s6911,3355
s6911,3356
s6911,3357
s6911,3358
s6911,3359
s6911,3360
s6912,3361
s6913,3362
s6914,3363
s6915,3364
s6916,3365
s6917,304
s6919,3366
s6921,3367
s6921,3368
s6922,3369
s6925,3370
s6925,3371
s6926,3372
s6928,3373
s6928,3374
s6929,3375
s6930,3376
s6932,1578
s6934,3377
s6935,3378
s6935,3379
s6937,95
s6940,3380
s6941,3381
s6943,3382
s6944,1716
s6945,3383
s6946,3384
s6947,3385
s6948,3386
s6949,3387
s6950,3388
s6951,896
s6953,3389
s6955,3390
s6955,3391
s6957,2119
s6958,476
s6959,1825
s6960,3392
s6961,1398
s6962,3393
s6963,1813
s6965,3394
s6967,3395
s6968,3396
s6973,3397
s6974,3398
s6976,3399
s6978,346
s6981,3400
s6983,3349
s6983,1173
s6984,3401
s6985,3402
s6985,3403
s6985,3404
s6985,3405
s6985,434
s6985,2502
s6985,7
s6985,3406
s6985,3407
s6987,3408
s6988,3408
s6989,3409
s6991,3410
s6992,3410
s6993,3411
s6994,3412
s6995,2844
s6996,3413
s6998,395
s7000,3414
s7003,3415
s7004,3416
s7005,3417
s7006,2634
s7008,3418
s7009,3419
s7010,3420
s7011,3421
s7012,3422
s7013,3423
s7014,480
s7015,3424
s7016,3425
s7019,3426
s7021,3427
s7022,923
s7022,3428
s7023,1187
s7024,3429
s7026,3430
s7027,1953
s7028,3431
s7031,3432
s7032,3432
s7033,1703
s7035,3433
s7036,2231
s7037,3434
s7037,3435
s7038,3436
s7039,3437
s7041,3438
s7043,915
s7044,3439
s7045,3440
s7047,2956
s7048,3441
s7049,1050
s7050,3442
s7052,3443
s7053,3444
s7054,3445
s7056,3446
s7057,1809
s7058,3447
s7059,3448
s7061,3449
s7062,436
s7063,3450
s7064,3451
s7065,3452
s7066,3453
s7068,3454
s7069,3455
s7071,10
s7072,10
s7073,10
s7074,10
s7075,3456
s7076,2446
s7078,182
s7079,3457
s7080,3458
s7085,3459
s7087,3460
s7088,3461
s7089,16
s7090,16
s7091,16
s7092,166
s7094,3462
s7095,33
s7096,3463
s7097,3464
s7098,3465
s7100,3466
s7103,3467
s7104,346
s7106,1557
s7107,2841
s7108,3468
s7110,1319
s7111,3469
s7111,3470
s7113,3471
s7114,182
s7115,3472
s7116,2137
s7118,776
s7119,2111
s7120,3473
s7122,434
s7123,3418
s7125,1794
s7127,166
s7128,3474
s7129,3475
s7131,3476
s7133,3477
s7137,3478
s7138,3479
s7140,3480
s7141,3481
s7142,3482
s7145,95
s7146,1622
s7148,3483
s7150,3484
s7151,3485
s7152,3141
s7152,3140
s7153,428
s7154,2082
s7155,1361
s7157,3486
s7159,3487
s7160,3488
s7161,3489
s7162,3490
s7163,3491
s7164,3492
s7165,2761
s7165,3493
s7165,3494
s7165,3495
s7165,3496
s7165,3497
s7165,3498
s7165,3499
s7165,3500
s7165,3501
s7166,3502
s7167,3503
s7168,3504
s7170,3362
s7171,144
s7172,3505
s7173,3506
s7174,3507
s7175,2877
s7176,3189
s7179,839
s7179,3508
s7180,839
s7180,3508
s7181,1525
s7182,3509
s7184,3510
s7187,96
s7189,2997
s7190,3511
s7190,3512
s7191,3513
s7192,560
s7193,3514
s7194,1618
s7195,849
s7196,3038
s7198,182
s7199,182
s7200,3515
s7201,3516
s7202,3517
s7203,284
s7204,830
s7205,8
s7206,3518
s7207,3519
s7208,3520
s7209,3521
s7211,70
s7211,69
s7212,3522
s7213,1156
s7213,1157
s7214,674
s7217,3523
s7219,1658
s7220,3524
s7220,3525
s7221,3526
s7222,3527
s7224,3528
s7224,3529
s7225,3530
s7226,3531
s7231,3532
s7235,1615
s7237,3533
s7238,3534
s7239,3535
s7240,3536
s7241,3537
s7242,372
s7243,3538
s7245,3021
s7247,3539
s7248,2562
s7249,3540
s7250,3541
s7251,3542
s7251,3543
s7253,494
s7254,3544
s7259,3545
s7260,3546
s7261,3547
s7262,3548
s7263,1377
s7266,1007
s7268,3549
s7270,3550
s7271,3551
s7272,3552
s7273,3553
s7273,703
s7275,3554
s7276,3555
s7277,3556
s7278,3556
s7281,3557
s7282,3558
s7283,374
s7284,3559
s7285,3202
s7287,7
s7289,2990
s7289,3560
s7293,3561
s7295,3562
s7296,3563
s7297,3564
s7299,1504
s7303,3565
s7304,2082
s7305,3566
s7306,3567
s7307,2406
s7309,10
s7310,3568
s7312,3569
s7314,3570
s7315,3571
s7316,3572
s7317,111
s7321,3573
s7323,3574
s7324,2697
s7327,3575
s7328,3576
s7329,3577
s7329,3578
s7330,3579
s7330,3580
s7331,3581
s7333,2857
s7334,3582
s7335,3583
s7335,3584
s7336,3585
s7337,3586
s7338,1972
s7345,3587
s7346,62
s7347,3588
s7348,3536
s7351,3589
s7352,3590
s7353,3591
s7355,3592
s7357,3593
s7358,2082
s7359,3594
s7361,3595
s7361,3596
s7362,3597
s7363,3598
s7364,3599
s7365,2730
s7366,3600
s7367,3601
s7368,3602
s7370,3603
s7370,1049
s7371,3604
s7372,3605
s7373,1146
s7374,3606
s7375,3607
s7376,2541
s7378,3608
s7379,2888
s7380,3609
s7381,3610
s7385,3611
s7387,95
s7388,1187
s7389,3612
s7390,3613
s7391,3614
s7392,3615
s7394,837
s7395,3616
s7396,162
s7397,3617
s7398,3618
s7399,3619
s7400,3461
s7401,3620
s7402,1211
s7403,3621
s7404,46
s7408,3622
s7410,3623
s7411,3202
s7412,3624
s7413,3625
s7416,3465
s7416,3626
s7417,1255
s7418,248
s7420,3627
s7421,3628
s7422,3629
s7423,3630
s7423,3631
s7424,3632
s7425,3633
s7426,3634
s7426,3635
s7427,3636
s7427,3637
s7429,3445
s7430,3638
s7431,3639
s7432,654
s7433,3640
s7434,3641
s7438,3642
s7440,3643
s7441,3644
s7443,3645
s7444,3645
s7445,3646
s7446,2164
s7449,1117
s7451,3647
s7452,3648
s7453,3163
s7455,840
s7457,3649
s7459,3650
s7461,3651
s7462,1784
s7463,1862
s7465,3652
s7466,3653
s7467,3654
s7470,3655
s7471,3656
s7473,3657
s7474,3658
s7475,3659
s7475,3660
s7476,3661
s7477,3662
s7478,3663
s7479,854
s7480,920
s7482,2250
s7483,3664
s7485,3665
s7487,2104
s7488,3666
s7489,3667
s7490,3668
s7491,2992
s7492,1087
s7492,602
s7493,2992
s7493,3669
s7494,3670
s7495,3671
s7495,3672
s7496,2992
s7497,3673
s7497,3668
s7498,2992
s7500,3674
s7500,3626
s7501,3670
s7501,602
s7501,3674
s7502,3670
s7502,3668
s7504,8
s7507,2386
s7508,3675
s7509,3676
s7510,3677
s7511,3678
s7513,3679
s7514,3680
s7516,70
s7516,3681
s7516,3163
s7516,2459
s7516,111
s7516,3682
s7516,3683
s7516,3684
s7516,3685
s7516,3665
s7516,2168
s7516,3686
s7517,1175
s7518,111
s7519,3687
s7520,3688
s7521,3689
s7523,1234
s7524,840
s7525,95
s7526,3690
s7526,3691
s7527,3692
s7528,2217
s7531,3693
s7531,3694
s7532,3695
s7533,2231
s7534,3696
s7535,2930
s7536,3697
s7537,3698
s7540,3699
s7542,2198
s7542,3700
s7543,3700
s7543,2198
s7545,3701
s7545,3100
s7546,3702
s7547,3703
s7549,3704
s7550,3705
s7553,3706
s7554,3219
s7556,3707
s7558,1398
s7559,3708
s7560,17
s7561,3709
s7564,3231
s7565,3710
s7566,1007
s7567,3711
s7567,3712
s7568,3713
s7578,609
s7579,3714
s7580,1322
s7582,2908
s7583,3715
s7584,3716
s7585,3717
s7586,1999
s7588,753
s7591,974
s7592,2892
s7593,3718
s7595,3719
s7596,3720
s7597,3721
s7597,3720
s7601,3722
s7602,3723
s7603,3724
s7604,3725
s7605,3726
s7606,3727
s7608,3728
s7609,3729
s7612,3730
s7613,3730
s7614,3731
s7615,3732
s7616,3733
s7619,3734
s7620,3735
s7621,3736
s7622,3737
s7623,3738
s7631,3739
s7632,3739
s7634,3740
s7635,1711
s7636,3741
s7636,3742
s7637,3743
s7638,3693
s7639,1716
s7640,1716
s7642,3744
s7643,3745
s7644,3746
s7645,3746
s7649,574
s7651,3194
s7652,3747
s7653,3748
s7654,3749
s7655,2046
s7656,3750
s7657,3750
s7659,3751
s7660,66
s7661,3752
s7662,3753
s7664,3754
s7666,3755
s7668,3756
s7669,3757
s7669,3758
s7670,2761
s7670,3759
s7671,3760
s7673,1811
s7677,1811
s7678,3761
s7679,3762
s7681,3763
s7682,3764
s7683,3765
s7684,3766
s7684,3767
s7685,3402
s7687,3768
s7687,3769
s7688,3770
s7689,2562
s7691,47
s7692,3771
s7695,3772
s7696,2406
s7697,3773
s7698,3774
s7701,1109
s7702,264
s7703,3775
s7704,3776
s7705,3777
s7707,3510
s7708,3778
s7712,3779
s7713,2143
s7715,40
s7716,452
s7717,3163
s7718,3780
s7720,3781
s7721,3752
s7723,3782
s7723,3783
s7724,3784
s7725,3785
s7727,3786
s7728,3787
s7729,3788
s7731,1199
s7732,3789
s7733,3238
s7735,3790
s7735,3791
s7736,2706
s7737,1528
s7737,2028
s7738,3752
s7738,3792
s7738,3793
s7738,3794
s7738,3795
s7739,854
s7740,3796
s7742,943
s7743,3026
s7745,1007
s7746,2501
s7746,3797
s7747,3798
s7749,944
s7750,923
s7751,1074
s7752,574
s7753,3082
s7753,13
s7755,3799
s7756,3344
s7758,3800
s7759,3801
s7779,3802
s7779,3803
s7789,3804
s7790,3805
s7792,1005
s7793,3806
s7793,3807
s7793,3808
s7794,3135
s7795,3100
s7797,3809
s7798,943
s7800,1174
s7802,891
s7803,182
s7804,3810
s7805,3811
s7806,1158
s7810,3129
s7812,2697
s7815,3812
s7817,2340
s7818,2706
s7820,3813
s7821,654
s7822,3814
s7824,3815
s7825,3014
s7826,3816
s7827,3817
s7827,3818
s7828,3052
s7830,3819
s7831,3820
s7832,3821
s7833,3822
s7834,3823
s7837,3824
s7838,974
s7840,3825
s7842,3826
s7844,3827
s7845,3828
s7846,3829
s7847,3830
s7850,3194
s7852,3831
s7853,3832
s7854,3124
s7855,3833
s7856,3785
s7858,250
s7859,3834
s7860,3835
s7860,3836
s7861,3202
s7862,3837
s7864,2079
s7864,3838
s7865,3839
s7865,3840
s7866,2915
s7867,3841
s7869,3842
s7870,1011
s7872,3843
s7872,3844
s7874,1310
s7875,3845
s7876,1192
s7877,3846
s7878,3847
s7880,265
s7881,3848
s7882,3848
s7883,3848
s7884,265
s7885,1521
s7886,1233
s7889,1629
s7890,3849
s7891,3850
s7892,3851
s7892,3839
s7895,3852
s7896,3853
s7897,3854
s7899,3855
s7900,3549
s7901,3538
s7902,345
s7903,3856
s7904,175
s7905,3857
s7906,3067
s7908,2104
s7910,2707
s7911,3858
s7913,1949
s7914,3859
s7916,3860
s7917,3861
s7918,3862
s7919,3863
s7920,3864
s7920,2855
s7921,198
s7922,2730
s7923,3271
s7924,3865
s7925,3866
s7926,3867
s7927,3868
s7928,1340
s7929,3869
s7929,3870
s7932,3871
s7933,3052
s7934,3872
s7935,3608
s7936,3173
s7937,2189
s7938,2189
s7939,3026
s7940,3873
s7941,3874
s7942,3875
s7944,1818
s7945,3876
s7946,3877
s7947,1049
s7948,3306
s7950,1926
s7951,3878
s7952,260
s7953,3879
s7955,3880
s7956,3881
s7957,82
s7958,10
s7959,44
s7960,3882
s7960,3883
s7960,3884
s7961,3885
s7962,3886
s7963,3886
s7964,3514
s7965,3887
s7966,3888
s7967,357
s7968,3889
s7970,3890
s7971,3891
s7972,3892
s7973,3893
s7974,3891
s7975,3894
s7976,3892
s7977,3893
s7978,3894
s7979,3894
s7979,3895
s7980,3896
s7981,443
s7982,2925
s7984,3897
s7986,301
s7987,3898
s7988,3898
s7989,519
s7990,2594
s7991,3899
s7993,3630
s7995,3900
s7996,96
s7997,3901
s7998,1891
s7999,3280
s8000,3902
s8002,273
s8002,274
s8004,3575
s8005,180
s8006,3903
s8007,3904
s8007,3905
s8008,3905
s8009,3906
s8009,3907
s8010,3908
s8011,376
s8012,3909
s8013,3910
s8014,3752
s8014,3794
s8015,3911
s8015,3912
s8017,3913
s8018,3394
s8019,3914
s8024,3915
s8025,2105
s8026,3916
s8027,3917
s8028,3918
s8029,3919
s8030,3920
s8033,41
s8034,528
s8036,3921
s8036,3922
s8037,3923
s8038,3924
s8039,3925
s8040,40
s8042,3926
s8043,2806
s8044,2051
s8046,3927
s8047,3928
s8048,972
s8050,535
s8051,2072
s8052,480
s8053,480
s8054,1749
s8055,3929
s8056,3930
s8057,3931
s8060,411
s8061,3932
s8061,3933
s8064,3934
s8066,3935
s8068,3936
s8069,3937
s8069,3938
s8069,3939
s8070,3940
s8070,3941
s8072,3942
s8073,3943
s8074,3944
s8075,376
s8076,376
s8077,376
s8078,1929
s8079,676
s8080,3945
s8081,3946
s8083,3072
s8085,2119
s8087,3947
s8087,3948
s8088,261
s8089,1234
s8090,3949
s8091,3950
s8091,3951
s8092,3952
s8092,3953
s8092,3954
s8092,3746
s8093,3955
s8096,173
s8099,3956
s8100,3957
s8101,3958
s8102,3129
s8104,3959
s8106,251
s8107,3960
s8109,3961
s8111,259
s8112,3962
s8113,3963
s8114,3964
s8115,3965
s8116,3966
s8117,3967
s8119,3968
s8120,3969
s8121,3970
s8123,3971
s8124,3972
s8125,930
s8127,3973
s8128,3974
s8129,3975
s8131,3976
s8132,505
s8134,3977
s8135,3978
s8135,3979
s8137,3816
s8139,63
s8140,3980
s8141,3981
s8141,3982
s8142,3983
s8143,3286
s8145,3510
s8146,2615
s8147,1383
s8150,3984
s8151,3985
s8152,205
s8152,3986
s8153,3987
s8154,1233
s8155,3988
s8157,1904
s8158,3989
s8159,211
s8160,3990
s8162,2356
s8164,3991
s8165,3992
s8165,3993
s8165,3994
s8165,3995
s8165,3996
s8167,3431
s8168,239
s8169,3997
s8169,3998
s8170,3999
s8171,4000
s8172,125
s8173,4001
s8178,4002
s8178,4003
s8180,4004
s8182,4005
s8184,376
s8185,10
s8186,4006
s8187,4007
s8188,345
s8189,4008
s8191,4009
s8191,4010
s8193,1233
s8195,1850
s8196,4011
s8197,4012
s8198,267
s8199,4013
s8201,4014
s8202,4015
s8204,2082
s8205,4016
s8205,4017
s8206,4018
s8211,4019
s8212,4020
s8213,2696
s8214,4021
s8215,944
s8218,4022
s8218,4023
s8219,4024
s8220,346
s8221,4025
s8222,4026
s8223,4027
s8224,4028
s8225,4029
s8226,4030
s8227,542
s8228,854
s8229,2033
s8230,345
s8233,4031
s8234,4032
s8234,4033
s8235,4034
s8237,3124
s8238,4035
s8239,4036
s8240,4037
s8241,4038
s8242,854
s8243,4039
s8245,4040
s8246,4041
s8247,394
s8248,4042
s8249,4043
s8250,3274
s8252,438
s8253,1690
s8254,4044
s8255,4045
s8256,1340
s8257,4046
s8259,4047
s8259,4048
s8260,3526
s8261,4049
s8262,4028
s8264,4050
s8264,4051
s8265,4052
s8266,3314
s8267,4053
s8267,58
s8268,4054
s8270,661
s8271,4055
s8271,4056
s8273,654
s8274,4057
s8274,4058
s8275,4059
s8277,4026
s8280,2650
s8281,3249
s8282,4060
s8284,4061
s8285,3854
s8286,4062
s8287,4063
s8289,4064
s8290,481
s8290,482
s8291,3936
s8292,4065
s8293,874
s8294,4066
s8296,4067
s8297,295
s8298,854
s8299,3280
s8300,4068
s8300,4069
s8301,4070
s8302,4071
s8303,3420
s8304,3286
s8305,147
s8306,147
s8307,4072
s8308,259
s8310,48
s8311,4073
s8313,1926
s8314,2849
s8315,4074
s8318,2948
s8320,4075
s8321,264
s8323,4076
s8323,4077
s8324,4078
s8325,4079
s8326,1676
s8327,3625
s8328,3625
s8333,2466
s8334,3853
s8336,4080
s8338,4081
s8339,4082
s8340,4083
s8342,572
s8343,4084
s8344,2003
s8345,4085
s8345,4086
s8345,4087
s8345,4088
s8345,4089
s8345,4090
s8345,4091
s8345,4092
s8346,1875
s8347,3408
s8352,4093
s8353,37
s8355,3227
s8356,1794
s8357,2033
s8359,4094
s8360,4095
s8360,4096
s8360,4097
s8361,3454
s8362,4053
s8363,1716
s8364,4098
s8364,4099
s8365,4098
s8365,4100
s8366,2633
s8366,4101
s8368,2817
s8370,4102
s8373,4103
s8375,3249
s8376,4104
s8378,1068
s8381,4105
s8382,4106
s8383,4107
s8384,4108
s8385,2822
s8386,713
s8387,4070
s8388,4109
s8390,4110
s8392,2941
s8394,1504
s8395,4111
s8395,4112
s8396,244
s8397,271
s8399,1382
s8400,4113
s8402,4114
s8403,4115
s8405,427
s8406,427
s8407,4116
s8409,4117
s8410,4118
s8411,4119
s8413,4120
s8413,4121
s8414,48
s8415,3140
s8415,3141
s8416,3140
s8416,3141
s8417,3140
s8417,3141
s8418,3189
s8418,4122
s8418,4123
s8419,4124
s8421,4125
s8426,4126
s8427,269
s8428,4127
s8431,3692
s8433,4128
s8435,64
s8436,215
s8439,4129
s8442,37
s8442,4130
s8444,2608
s8445,1933
s8446,261
s8447,4131
s8448,4132
s8449,4133
s8450,4134
s8452,4135
s8453,4136
s8454,3242
s8455,976
s8456,4137
s8457,4138
s8458,4139
s8458,4140
s8459,3048
s8460,4141
s8461,1280
s8462,149
s8464,4142
s8465,4143
s8466,4144
s8467,4145
s8467,4146
s8468,4147
s8469,4148
s8470,255
s8471,4149
s8471,4150
s8473,3249
s8474,4151
s8478,4152
s8479,4153
s8481,4154
s8484,4155
s8485,4156
s8486,4157
s8487,729
s8488,4158
s8489,4159
s8490,4160
s8492,747
s8493,4161
s8494,1694
s8495,4162
s8496,4163
s8497,4164
s8498,1059
s8499,4053
s8500,3649
s8502,1134
s8505,1639
s8506,4165
s8507,3880
s8508,4166
s8508,4167
s8509,4094
s8510,4168
s8512,264
s8513,298
s8514,4064
s8515,4169
s8516,147
s8518,4170
s8521,4171
s8523,4172
s8526,170
s8527,42
s8528,4173
s8529,4174
s8529,4175
s8530,4176
s8531,4177
s8532,2927
s8533,4178
s8535,4179
s8535,599
s8536,4180
s8537,362
s8538,4181
s8538,4182
s8539,4183
s8541,4184
s8543,8
s8544,3746
s8547,4185
s8547,4186
s8548,2457
s8549,4187
s8551,4188
s8551,4038
s8553,4189
s8554,4190
s8555,2749
s8556,3096
s8557,1066
s8559,4191
s8560,4192
s8563,4193
s8564,4194
s8565,4195
s8566,4196
s8567,4197
s8569,4198
s8570,3585
s8571,4199
s8572,4200
s8573,4201
s8577,4202
s8579,4203
s8580,4204
s8581,959
s8582,923
s8583,4205
s8584,4206
s8585,2082
s8587,4207
s8588,4208
s8588,4209
s8590,4210
s8591,393
s8592,3612
s8595,4211
s8596,4212
s8599,4213
s8600,4214
s8604,4215
s8607,4216
s8608,1557
s8609,2481
s8611,326
s8612,2137
s8613,4217
s8614,2339
s8615,1546
s8616,4218
s8617,4219
s8618,3022
s8619,4220
s8622,4221
s8624,4222
s8625,4223
s8626,340
s8627,340
s8628,4224
s8629,837
s8630,1386
s8631,4225
s8632,4226
s8635,4227
s8636,4228
s8637,4229
s8638,238
s8639,2493
s8640,2877
s8641,3524
s8641,3562
s8641,4230
s8641,4231
s8641,4232
s8642,4233
s8643,434
s8644,4234
s8646,4235
s8649,4236
s8650,900
s8652,689
s8653,832
s8655,4237
s8656,4238
s8658,4239
s8659,4240
s8660,2616
s8662,4063
s8663,4241
s8664,4242
s8665,4243
s8666,4244
s8667,3866
s8668,4245
s8669,353
s8671,3132
s8672,180
s8673,4246
s8675,4247
s8676,4248
s8677,4249
s8678,4250
s8679,4251
s8681,4252
s8682,4253
s8683,401
s8684,4254
s8686,4255
s8687,4256
s8688,4257
s8689,2733
s8690,4258
s8692,4103
s8693,4259
s8693,4260
s8694,4261
s8694,4262
s8695,4263
s8696,4264
s8697,10
s8698,4265
s8699,4157
s8700,4266
s8704,4267
s8705,3067
s8706,4268
s8707,4269
s8709,4105
s8710,4270
s8712,4271
s8714,4272
s8715,4273
s8715,4274
s8715,4275
s8716,4276
s8717,4277
s8718,4117
s8720,4278
s8723,149
s8725,4279
s8726,3315
s8726,3249
s8730,4280
s8731,2275
s8732,1618
s8733,4281
s8734,3434
s8735,4282
s8736,654
s8738,4283
s8738,4284
s8743,3645
s8744,4285
s8746,4286
s8749,4131
s8751,4287
s8752,4288
s8753,4289
s8754,4290
s8755,4291
s8758,574
s8761,4292
s8762,4293
s8763,1554
s8765,4294
s8766,4295
s8766,4296
s8766,4297
s8766,2817
s8767,3227
s8768,2908
s8769,2072
s8770,4298
s8771,3510
s8772,2140
s8773,93
s8774,3463
s8775,4299
s8777,4300
s8778,4301
s8779,4301
s8780,4302
s8782,4303
s8783,434
s8787,4304
s8788,3654
s8789,4305
s8790,738
s8791,6
s8792,4243
s8793,4306
s8794,27
s8795,4307
s8799,4308
s8800,3679
s8802,4309
s8803,264
s8805,2842
s8806,4310
s8807,4311
