show_id,genre_id
s8,1
s8,2
s8,3
s9,4
s9,5
s10,6
s10,1
s13,1
s13,3
s25,6
s25,3
s25,7
s28,6
s29,8
s29,9
s30,10
s39,11
s39,1
s42,11
s42,12
s42,1
s43,1
s43,8
s43,10
s44,11
s44,8
s44,10
s45,11
s45,8
s45,10
s47,11
s49,1
s49,10
s52,11
s52,13
s52,3
s53,11
s53,13
s53,3
s54,11
s54,13
s54,3
s55,11
s55,13
s55,3
s57,11
s57,13
s57,3
s58,11
s58,13
s58,3
s59,11
s59,13
s59,3
s60,11
s60,13
s60,3
s61,11
s61,13
s61,3
s62,11
s62,13
s62,3
s63,11
s63,13
s63,3
s64,11
s64,13
s64,3
s74,1
s74,3
s82,11
s85,11
s85,6
s85,1
s91,9
s91,10
s95,14
s95,6
s97,15
s97,16
s106,11
s106,6
s106,1
s108,14
s108,1
s115,1
s115,3
s115,10
s116,1
s116,7
s117,6
s117,1
s117,2
s119,1
s119,3
s119,10
s123,10
s127,1
s127,3
s127,7
s128,14
s128,6
s130,1
s132,11
s132,12
s132,17
s134,11
s134,9
s135,11
s135,1
s136,11
s137,1
s137,7
s138,11
s138,6
s139,1
s139,7
s140,12
s140,6
s140,1
s141,1
s141,3
s141,10
s142,11
s143,1
s144,11
s144,9
s145,6
s145,17
s146,6
s146,17
s146,16
s147,6
s147,16
s150,11
s150,6
s151,10
s152,11
s152,3
s153,6
s156,11
s156,14
s156,17
s157,6
s157,1
s157,7
s158,9
s158,10
s159,6
s159,7
s160,6
s160,1
s160,3
s162,6
s162,17
s162,9
s163,1
s164,6
s164,7
s165,11
s165,6
s167,12
s167,1
s168,14
s168,6
s169,11
s169,14
s169,6
s170,11
s170,1
s171,15
s171,16
s172,1
s172,18
s173,6
s173,16
s174,15
s174,19
s175,11
s175,1
s176,1
s176,7
s177,11
s177,6
s178,11
s178,12
s179,11
s179,6
s180,6
s180,7
s183,6
s184,11
s184,12
s189,6
s189,3
s191,1
s191,3
s192,1
s192,2
s193,11
s193,6
s193,3
s196,6
s196,1
s196,3
s199,20
s199,21
s199,22
s200,6
s200,1
s200,3
s201,11
s201,8
s201,3
s202,1
s202,3
s202,10
s203,6
s203,3
s203,16
s204,6
s204,3
s205,6
s205,3
s206,6
s206,3
s206,9
s207,1
s207,2
s207,3
s208,11
s208,3
s208,16
s209,1
s209,3
s209,16
s210,1
s210,3
s210,16
s211,8
s211,3
s212,8
s212,3
s216,11
s216,1
s216,3
s217,6
s217,1
s217,2
s218,6
s218,1
s218,3
s228,1
s228,2
s228,7
s229,11
s230,8
s232,14
s232,1
s248,11
s248,1
s252,1
s252,2
s252,7
s254,1
s254,3
s254,7
s260,6
s260,1
s260,3
s265,6
s265,2
s268,12
s268,1
s268,2
s271,11
s274,20
s274,21
s274,22
s277,21
s277,23
s277,24
s279,25
s280,11
s280,13
s280,14
s282,6
s282,3
s283,1
s283,2
s283,3
s285,6
s285,7
s286,1
s286,3
s293,6
s293,1
s293,2
s294,6
s294,3
s294,7
s296,11
s296,6
s298,26
s299,6
s299,1
s299,3
s300,8
s300,2
s300,3
s301,14
s301,16
s302,11
s302,6
s302,3
s304,6
s304,17
s304,3
s305,15
s306,12
s306,1
s306,3
s307,1
s307,3
s308,8
s309,27
s315,1
s315,2
s315,7
s316,1
s316,3
s317,21
s317,23
s317,28
s326,14
s326,6
s327,14
s327,6
s328,11
s328,9
s329,11
s330,1
s331,14
s331,6
s331,9
s333,11
s333,8
s333,9
s334,12
s334,6
s334,17
s335,1
s335,7
s336,1
s336,10
s338,6
s338,7
s341,11
s341,9
s341,10
s342,1
s342,2
s343,6
s344,1
s345,14
s345,6
s345,1
s346,14
s346,6
s347,11
s347,6
s348,14
s348,6
s348,9
s349,6
s350,1
s350,29
s351,11
s351,1
s351,9
s352,11
s352,6
s352,17
s353,6
s353,1
s354,8
s355,11
s355,6
s356,1
s356,10
s357,11
s358,1
s358,2
s358,10
s359,10
s360,25
s361,6
s361,7
s366,1
s366,2
s366,3
s375,6
s375,3
s375,7
s378,11
s378,3
s381,20
s381,30
s381,31
s384,11
s384,3
s390,1
s390,3
s390,10
s393,11
s393,1
s394,14
s394,29
s403,1
s403,7
s411,14
s416,14
s427,1
s430,1
s430,3
s430,10
s434,6
s434,1
s434,2
s437,1
s437,3
s437,7
s438,11
s440,1
s440,3
s440,10
s446,1
s446,2
s446,10
s447,1
s448,1
s448,7
s449,1
s449,7
s450,1
s450,7
s451,1
s451,7
s452,11
s452,1
s452,7
s453,6
s453,1
s453,3
s461,14
s461,6
s461,29
s464,8
s464,3
s470,1
s470,2
s475,11
s475,6
s487,14
s487,6
s487,9
s490,6
s490,3
s492,6
s492,1
s492,7
s493,1
s493,7
s495,6
s495,16
s497,11
s497,3
s503,1
s503,3
s503,7
s504,20
s504,21
s504,22
s507,3
s507,7
s509,1
s509,3
s519,1
s519,3
s529,1
s529,3
s529,7
s530,1
s530,3
s532,1
s532,3
s535,1
s535,3
s542,6
s542,1
s542,3
s543,1
s543,3
s552,3
s552,7
s552,10
s555,1
s555,3
s555,10
s556,11
s556,17
s556,3
s557,8
s557,3
s557,10
s558,8
s558,9
s559,11
s560,11
s562,11
s562,6
s563,6
s564,11
s564,6
s564,9
s565,6
s565,1
s565,2
s567,11
s567,6
s568,11
s568,10
s569,14
s569,6
s570,1
s570,3
s570,7
s573,6
s573,1
s573,3
s574,14
s574,6
s575,14
s575,6
s576,6
s576,1
s576,7
s577,1
s577,18
s577,3
s579,1
s579,7
s580,11
s580,12
s580,6
s582,11
s582,9
s583,6
s583,1
s584,6
s584,7
s585,6
s586,1
s586,7
s590,1
s590,3
s592,1
s592,7
s593,6
s593,7
s594,14
s594,6
s595,11
s595,9
s596,14
s596,6
s597,6
s597,1
s597,2
s598,11
s598,6
s598,29
s599,1
s599,10
s600,1
s601,10
s602,11
s602,14
s602,12
s603,11
s603,14
s603,1
s604,14
s604,1
s605,1
s606,11
s607,1
s607,3
s608,8
s608,10
s609,11
s610,11
s610,7
s611,11
s611,8
s611,9
s612,11
s612,8
s612,9
s613,11
s613,8
s613,9
s614,1
s614,3
s614,10
s615,1
s615,7
s615,9
s616,1
s616,16
s616,7
s619,11
s619,6
s623,10
s631,1
s635,15
s635,3
s636,1
s636,3
s637,11
s644,8
s651,1
s651,3
s652,6
s652,1
s652,3
s655,6
s655,1
s655,3
s656,6
s656,1
s656,3
s657,3
s657,16
s657,7
s677,20
s677,22
s677,32
s682,4
s682,33
s686,1
s689,6
s689,3
s689,7
s695,6
s695,1
s695,2
s699,1
s699,2
s699,3
s702,1
s703,6
s703,1
s703,2
s706,15
s706,3
s706,29
s709,1
s709,2
s712,1
s712,3
s712,10
s717,15
s719,6
s719,2
s722,11
s723,15
s724,5
s727,26
s729,8
s736,6
s736,1
s736,3
s737,14
s737,1
s737,3
s738,34
s738,20
s738,35
s740,14
s740,6
s741,6
s741,8
s742,1
s742,3
s743,1
s743,3
s744,1
s744,2
s744,7
s746,3
s746,10
s747,1
s747,10
s748,6
s748,1
s748,3
s751,1
s751,2
s751,3
s753,11
s753,6
s753,9
s755,1
s755,2
s757,1
s757,3
s757,7
s758,15
s759,23
s759,28
s759,22
s763,6
s763,3
s763,7
s765,6
s765,3
s765,7
s766,11
s766,3
s767,25
s769,6
s769,1
s769,3
s771,15
s771,3
s771,16
s774,1
s774,3
s774,10
s775,1
s775,18
s775,7
s776,1
s776,2
s776,19
s777,11
s778,6
s778,2
s778,19
s780,11
s780,17
s780,9
s783,1
s783,7
s784,6
s784,3
s784,16
s785,6
s785,1
s785,2
s787,11
s787,1
s788,11
s789,10
s791,15
s792,11
s792,1
s793,6
s793,1
s793,7
s794,6
s794,7
s795,6
s795,1
s795,3
s797,17
s797,8
s798,1
s799,6
s799,1
s799,2
s800,1
s800,29
s801,1
s801,2
s801,19
s802,11
s802,1
s802,29
s803,11
s804,34
s804,23
s804,36
s805,8
s805,10
s809,11
s810,11
s810,6
s811,11
s811,12
s811,17
s813,11
s815,6
s815,7
s817,10
s818,6
s818,1
s818,2
s819,6
s819,1
s819,7
s820,11
s820,12
s822,1
s822,7
s822,10
s823,8
s824,6
s824,1
s824,2
s825,10
s827,25
s829,1
s835,14
s835,1
s835,18
s837,8
s837,3
s837,10
s839,25
s840,1
s840,2
s840,3
s841,1
s841,3
s841,29
s847,14
s847,6
s847,9
s851,1
s851,3
s851,16
s854,11
s854,8
s860,1
s860,3
s864,14
s864,6
s866,11
s866,1
s867,10
s871,15
s872,6
s872,1
s872,3
s873,1
s873,2
s873,9
s874,1
s874,2
s874,3
s878,6
s878,2
s878,3
s879,1
s879,3
s879,10
s880,22
s882,1
s882,3
s882,10
s883,14
s883,6
s886,6
s886,1
s886,3
s888,8
s888,3
s888,10
s890,1
s890,10
s892,2
s892,3
s892,10
s893,1
s893,2
s893,3
s895,1
s895,2
s895,3
s896,1
s896,3
s896,10
s900,1
s900,3
s902,2
s902,10
s904,1
s904,3
s904,10
s905,11
s906,11
s906,1
s906,3
s907,1
s907,3
s910,1
s910,2
s910,3
s911,1
s914,1
s914,3
s914,7
s915,15
s916,1
s916,3
s916,10
s917,11
s918,15
s918,1
s923,1
s923,2
s923,10
s925,14
s925,6
s927,11
s927,1
s929,11
s929,29
s931,11
s931,6
s932,6
s933,11
s934,14
s934,1
s935,1
s935,2
s936,14
s936,6
s943,1
s943,10
s944,11
s944,1
s944,29
s945,11
s946,1
s946,3
s947,11
s947,9
s948,1
s948,10
s949,6
s950,11
s950,9
s951,1
s951,3
s951,9
s952,6
s952,7
s953,11
s953,6
s954,1
s954,10
s955,14
s955,6
s956,11
s957,6
s957,2
s957,7
s960,1
s960,2
s960,3
s963,8
s967,6
s967,3
s970,1
s971,11
s971,9
s972,10
s974,1
s974,3
s975,1
s975,2
s975,3
s977,6
s977,3
s978,6
s978,3
s979,6
s979,3
s979,7
s980,6
s980,3
s981,6
s981,3
s982,11
s982,6
s982,3
s983,6
s983,1
s983,3
s984,15
s984,3
s984,16
s985,6
s985,3
s986,6
s986,3
s986,7
s987,6
s987,3
s987,7
s989,21
s989,23
s989,28
s990,6
s990,3
s991,6
s991,3
s992,1
s992,2
s992,3
s995,1
s995,3
s995,7
s996,6
s996,1
s996,3
s997,8
s997,3
s997,10
s1000,1
s1000,3
s1000,10
s1002,1
s1002,3
s1002,10
s1003,6
s1003,3
s1014,10
s1016,1
s1017,11
s1017,6
s1017,3
s1018,1
s1018,3
s1019,6
s1019,3
s1019,16
s1020,1
s1020,3
s1020,16
s1021,15
s1021,3
s1022,6
s1022,1
s1022,2
s1023,1
s1023,3
s1024,1
s1024,2
s1024,3
s1025,14
s1025,6
s1025,16
s1027,14
s1028,8
s1028,7
s1028,9
s1030,1
s1030,3
s1031,14
s1031,6
s1031,1
s1032,1
s1032,3
s1032,7
s1034,11
s1034,1
s1034,3
s1035,10
s1036,1
s1037,11
s1037,9
s1038,6
s1038,1
s1038,3
s1040,15
s1040,16
s1042,11
s1042,13
s1042,8
s1043,33
s1047,10
s1051,1
s1051,3
s1051,19
s1053,1
s1053,2
s1054,15
s1054,16
s1056,17
s1056,1
s1056,16
s1067,1
s1067,3
s1067,10
s1068,21
s1068,22
s1068,36
s1070,1
s1070,3
s1070,7
s1081,11
s1081,13
s1081,3
s1084,6
s1086,1
s1086,3
s1087,1
s1087,3
s1087,10
s1088,6
s1088,8
s1088,3
s1089,11
s1089,6
s1090,1
s1091,1
s1091,3
s1091,7
s1099,6
s1099,1
s1099,3
s1100,1
s1100,3
s1101,8
s1101,10
s1102,14
s1102,6
s1102,9
s1103,6
s1104,11
s1104,1
s1104,3
s1105,14
s1105,6
s1105,1
s1106,1
s1106,2
s1107,11
s1108,1
s1108,18
s1108,3
s1109,3
s1109,10
s1110,6
s1110,3
s1110,7
s1111,1
s1111,3
s1112,6
s1112,7
s1113,14
s1113,6
s1114,11
s1114,9
s1115,6
s1115,1
s1115,3
s1116,6
s1116,3
s1116,29
s1119,8
s1119,10
s1120,11
s1120,8
s1121,11
s1121,9
s1122,6
s1122,7
s1123,1
s1123,3
s1125,11
s1127,12
s1127,16
s1129,11
s1129,3
s1132,11
s1132,1
s1132,3
s1134,11
s1135,11
s1135,9
s1136,11
s1137,1
s1137,3
s1137,7
s1138,11
s1138,3
s1138,16
s1139,1
s1139,2
s1139,3
s1140,8
s1140,10
s1141,11
s1142,1
s1142,3
s1142,10
s1143,15
s1145,6
s1145,7
s1146,1
s1148,15
s1148,3
s1148,29
s1151,15
s1152,14
s1154,1
s1154,3
s1155,1
s1157,14
s1157,18
s1157,16
s1161,1
s1161,2
s1161,10
s1163,1
s1163,3
s1165,6
s1165,3
s1166,6
s1166,1
s1166,3
s1168,1
s1168,3
s1168,7
s1171,14
s1171,6
s1173,25
s1174,21
s1174,37
s1174,38
s1176,1
s1176,2
s1176,3
s1177,1
s1177,3
s1178,8
s1178,3
s1179,11
s1185,11
s1185,3
s1186,6
s1186,3
s1186,7
s1188,10
s1189,11
s1189,6
s1189,3
s1190,25
s1191,11
s1192,25
s1193,1
s1193,3
s1195,1
s1195,3
s1195,10
s1196,15
s1198,1
s1198,16
s1199,25
s1200,1
s1200,10
s1203,1
s1203,3
s1203,7
s1204,14
s1204,1
s1209,6
s1209,3
s1210,6
s1210,1
s1210,3
s1212,1
s1212,3
s1213,1
s1213,3
s1216,6
s1216,3
s1216,7
s1217,6
s1217,3
s1217,7
s1219,14
s1219,6
s1220,6
s1220,1
s1220,2
s1221,1
s1221,2
s1221,3
s1222,1
s1222,3
s1223,8
s1223,2
s1224,20
s1224,21
s1224,30
s1229,1
s1229,2
s1229,3
s1231,6
s1231,1
s1231,2
s1233,6
s1233,1
s1233,3
s1234,6
s1234,3
s1237,11
s1237,1
s1237,3
s1238,6
s1238,3
s1238,7
s1240,11
s1241,1
s1241,7
s1242,6
s1242,1
s1242,16
s1244,1
s1245,11
s1245,6
s1245,3
s1249,15
s1249,16
s1252,11
s1252,12
s1252,1
s1253,6
s1253,3
s1254,14
s1254,6
s1255,12
s1255,1
s1257,6
s1257,17
s1257,16
s1259,14
s1259,6
s1260,6
s1260,1
s1260,2
s1261,6
s1261,3
s1261,7
s1262,1
s1262,2
s1262,3
s1264,11
s1265,6
s1265,1
s1265,2
s1266,3
s1266,10
s1267,1
s1267,2
s1267,3
s1268,3
s1268,10
s1270,1
s1270,3
s1270,7
s1274,3
s1274,10
s1279,25
s1282,1
s1282,3
s1284,8
s1284,10
s1285,8
s1287,6
s1287,1
s1287,2
s1289,1
s1289,10
s1291,6
s1291,19
s1291,10
s1292,1
s1292,2
s1292,3
s1294,21
s1294,22
s1296,6
s1296,1
s1296,2
s1298,8
s1305,14
s1306,11
s1306,6
s1306,1
s1308,14
s1308,6
s1308,1
s1310,10
s1312,6
s1312,1
s1312,3
s1313,1
s1313,2
s1313,19
s1316,25
s1317,1
s1317,3
s1317,7
s1319,6
s1319,7
s1320,14
s1323,6
s1323,1
s1323,3
s1324,1
s1324,3
s1324,7
s1325,1
s1325,2
s1325,7
s1326,3
s1326,10
s1327,6
s1327,3
s1327,7
s1328,15
s1328,16
s1330,6
s1330,3
s1331,1
s1331,7
s1334,6
s1334,1
s1335,11
s1335,3
s1337,25
s1338,1
s1338,2
s1338,3
s1341,1
s1341,3
s1342,1
s1342,2
s1343,11
s1343,1
s1343,3
s1345,1
s1345,3
s1345,7
s1346,11
s1346,3
s1347,6
s1347,1
s1347,3
s1348,11
s1348,3
s1352,1
s1352,18
s1352,3
s1354,11
s1354,6
s1358,1
s1359,10
s1360,1
s1360,3
s1360,10
s1361,21
s1361,23
s1361,28
s1365,14
s1365,9
s1367,1
s1367,18
s1368,8
s1369,11
s1369,3
s1370,14
s1370,6
s1371,1
s1371,3
s1373,14
s1373,1
s1373,3
s1375,15
s1375,3
s1375,29
s1377,6
s1377,1
s1377,2
s1379,14
s1379,1
s1380,1
s1380,3
s1387,6
s1387,3
s1387,19
s1388,1
s1388,10
s1389,1
s1390,6
s1391,1
s1392,1
s1394,10
s1397,11
s1398,1
s1398,9
s1399,8
s1400,1
s1400,2
s1404,14
s1404,6
s1404,1
s1406,11
s1407,14
s1407,6
s1408,14
s1410,10
s1411,1
s1411,3
s1412,15
s1413,1
s1413,3
s1413,19
s1414,1
s1414,3
s1415,6
s1415,1
s1415,3
s1416,1
s1416,10
s1418,3
s1418,10
s1420,4
s1420,23
s1420,22
s1422,6
s1422,1
s1422,3
s1423,1
s1423,3
s1424,6
s1424,3
s1424,7
s1425,14
s1425,6
s1427,1
s1427,3
s1429,1
s1429,2
s1429,3
s1433,34
s1433,21
s1433,24
s1434,1
s1434,3
s1435,14
s1435,6
s1436,1
s1439,15
s1439,3
s1439,29
s1442,11
s1442,6
s1442,3
s1445,6
s1445,7
s1445,29
s1446,11
s1446,6
s1446,3
s1447,6
s1448,8
s1448,10
s1451,25
s1452,14
s1452,1
s1452,29
s1453,1
s1453,2
s1454,14
s1454,6
s1455,15
s1457,11
s1457,1
s1457,2
s1459,11
s1460,6
s1462,6
s1462,1
s1462,2
s1464,39
s1465,15
s1468,11
s1468,10
s1469,6
s1469,3
s1470,12
s1470,1
s1470,2
s1471,1
s1471,19
s1473,6
s1473,1
s1473,3
s1475,11
s1475,1
s1475,18
s1476,6
s1476,1
s1476,3
s1482,8
s1482,3
s1485,1
s1486,14
s1486,6
s1487,6
s1489,1
s1489,3
s1491,14
s1492,6
s1492,1
s1492,3
s1494,3
s1494,7
s1495,14
s1495,6
s1496,6
s1496,1
s1496,3
s1497,14
s1497,1
s1497,3
s1498,1
s1498,3
s1498,7
s1499,11
s1499,6
s1499,2
s1500,1
s1501,1
s1501,3
s1501,19
s1502,1
s1502,7
s1503,25
s1505,16
s1508,14
s1508,6
s1510,15
s1510,16
s1511,6
s1512,6
s1512,3
s1513,25
s1514,1
s1516,6
s1518,1
s1518,16
s1520,14
s1520,6
s1520,1
s1521,21
s1521,22
s1522,1
s1522,2
s1522,3
s1523,1
s1523,3
s1523,7
s1524,6
s1524,1
s1524,3
s1525,11
s1526,1
s1526,3
s1526,7
s1527,6
s1527,3
s1527,7
s1530,3
s1530,7
s1531,38
s1531,28
s1533,33
s1533,21
s1535,1
s1535,3
s1535,19
s1537,8
s1537,10
s1538,1
s1541,1
s1541,10
s1543,25
s1545,1
s1545,2
s1545,29
s1550,1
s1550,2
s1551,6
s1551,7
s1559,15
s1561,6
s1561,19
s1561,16
s1562,1
s1562,3
s1562,29
s1564,1
s1564,19
s1566,3
s1566,7
s1567,1
s1567,3
s1567,7
s1568,6
s1568,3
s1568,19
s1569,1
s1569,2
s1569,3
s1572,6
s1572,1
s1572,3
s1576,15
s1576,3
s1577,14
s1577,6
s1581,14
s1583,1
s1583,10
s1585,11
s1585,1
s1588,21
s1588,22
s1588,35
s1589,14
s1592,14
s1592,6
s1593,6
s1593,3
s1593,10
s1596,1
s1596,2
s1598,14
s1598,1
s1599,1
s1599,3
s1599,7
s1600,6
s1600,1
s1600,3
s1602,6
s1602,3
s1603,6
s1603,1
s1603,3
s1605,25
s1607,6
s1607,1
s1607,3
s1609,11
s1610,14
s1611,10
s1613,6
s1613,2
s1614,1
s1614,3
s1614,7
s1617,14
s1617,6
s1618,6
s1621,11
s1622,11
s1625,10
s1627,11
s1627,6
s1630,8
s1630,3
s1631,1
s1631,3
s1632,10
s1633,14
s1634,11
s1636,14
s1637,14
s1637,15
s1638,8
s1638,3
s1643,11
s1643,3
s1644,3
s1644,10
s1645,6
s1645,3
s1645,19
s1646,25
s1647,11
s1647,1
s1647,3
s1648,6
s1648,3
s1648,7
s1649,8
s1651,16
s1652,14
s1652,6
s1654,8
s1654,3
s1654,10
s1655,21
s1655,23
s1655,28
s1656,14
s1656,6
s1657,1
s1658,1
s1658,3
s1660,11
s1661,15
s1661,16
s1663,11
s1663,6
s1663,3
s1664,14
s1664,16
s1665,11
s1666,3
s1666,10
s1667,14
s1672,14
s1672,6
s1674,1
s1674,3
s1675,11
s1675,6
s1675,3
s1676,6
s1676,3
s1676,16
s1677,1
s1677,3
s1677,7
s1678,3
s1678,7
s1679,3
s1679,10
s1680,11
s1680,1
s1680,3
s1681,1
s1681,3
s1681,10
s1682,14
s1682,6
s1682,1
s1683,6
s1683,1
s1683,3
s1684,6
s1684,3
s1686,1
s1686,3
s1687,25
s1690,1
s1690,7
s1692,16
s1692,7
s1695,14
s1695,6
s1696,7
s1700,14
s1700,12
s1700,6
s1701,10
s1703,14
s1703,6
s1704,14
s1704,16
s1706,1
s1706,3
s1707,20
s1707,21
s1707,24
s1708,3
s1708,7
s1710,1
s1710,3
s1710,7
s1711,1
s1711,2
s1713,6
s1713,1
s1713,3
s1714,1
s1714,3
s1714,19
s1715,8
s1716,21
s1716,5
s1721,1
s1721,3
s1726,1
s1726,3
s1728,1
s1728,3
s1729,1
s1729,2
s1729,3
s1730,6
s1732,1
s1732,19
s1732,7
s1733,1
s1733,3
s1733,7
s1735,6
s1735,7
s1736,1
s1736,3
s1736,7
s1737,14
s1737,6
s1737,7
s1740,6
s1740,1
s1740,7
s1742,1
s1742,3
s1743,25
s1744,1
s1744,3
s1748,9
s1748,10
s1750,14
s1750,6
s1752,14
s1753,14
s1754,14
s1762,14
s1762,6
s1763,11
s1764,1
s1764,2
s1764,10
s1765,1
s1765,10
s1768,1
s1769,11
s1769,1
s1769,29
s1771,6
s1771,29
s1772,33
s1772,21
s1773,11
s1773,1
s1773,3
s1775,1
s1775,2
s1775,10
s1776,8
s1776,2
s1777,1
s1777,3
s1778,8
s1778,3
s1781,1
s1781,3
s1781,10
s1784,8
s1784,3
s1785,8
s1785,3
s1786,6
s1786,7
s1788,16
s1789,8
s1789,3
s1794,6
s1795,21
s1795,23
s1795,32
s1796,6
s1796,3
s1796,16
s1797,11
s1797,1
s1797,2
s1798,1
s1798,16
s1799,6
s1799,3
s1799,19
s1802,14
s1802,16
s1803,1
s1803,10
s1807,8
s1807,3
s1808,1
s1808,3
s1808,7
s1809,6
s1809,1
s1809,16
s1810,1
s1810,3
s1810,7
s1811,1
s1811,2
s1812,6
s1812,1
s1812,2
s1813,15
s1813,3
s1815,1
s1815,7
s1815,10
s1816,14
s1817,11
s1817,8
s1818,12
s1818,1
s1818,3
s1819,1
s1819,3
s1819,16
s1820,6
s1820,1
s1820,3
s1821,15
s1821,3
s1822,1
s1822,2
s1822,3
s1823,12
s1823,1
s1823,2
s1824,15
s1824,3
s1825,1
s1825,3
s1826,1
s1826,3
s1826,7
s1827,1
s1827,2
s1827,3
s1828,1
s1828,2
s1828,3
s1830,1
s1830,3
s1831,6
s1831,3
s1831,7
s1832,15
s1832,3
s1833,1
s1833,3
s1834,14
s1834,6
s1836,11
s1837,6
s1837,3
s1837,7
s1839,11
s1841,20
s1841,21
s1841,24
s1843,1
s1844,8
s1844,10
s1845,14
s1846,11
s1847,11
s1847,6
s1847,3
s1850,1
s1850,3
s1851,1
s1851,3
s1851,7
s1856,11
s1856,3
s1856,7
s1857,15
s1857,16
s1859,3
s1859,7
s1859,10
s1860,14
s1862,6
s1862,1
s1862,3
s1863,17
s1863,1
s1863,3
s1864,6
s1864,3
s1864,7
s1866,6
s1866,3
s1867,1
s1867,3
s1868,8
s1870,6
s1870,3
s1870,7
s1871,6
s1871,3
s1873,6
s1873,1
s1873,2
s1875,15
s1875,3
s1875,16
s1877,1
s1877,3
s1880,6
s1880,8
s1881,21
s1881,22
s1881,32
s1882,6
s1883,15
s1883,16
s1884,14
s1885,1
s1885,7
s1887,15
s1888,15
s1888,19
s1889,1
s1889,3
s1889,29
s1892,6
s1892,3
s1892,7
s1897,1
s1897,3
s1898,6
s1898,1
s1898,3
s1899,8
s1899,3
s1899,10
s1900,6
s1900,3
s1900,7
s1901,6
s1901,8
s1902,6
s1902,3
s1902,7
s1903,11
s1903,6
s1903,3
s1904,1
s1904,10
s1905,15
s1905,19
s1906,11
s1906,1
s1906,3
s1910,11
s1910,1
s1913,11
s1913,6
s1913,1
s1917,15
s1917,16
s1921,6
s1921,2
s1921,3
s1922,11
s1922,1
s1925,1
s1925,10
s1928,1
s1928,3
s1931,1
s1931,3
s1931,10
s1932,1
s1932,19
s1936,25
s1937,11
s1938,15
s1938,3
s1938,16
s1939,1
s1939,2
s1939,3
s1940,6
s1940,1
s1940,3
s1941,6
s1941,3
s1941,16
s1942,6
s1942,3
s1942,16
s1943,6
s1943,3
s1943,7
s1944,6
s1944,3
s1944,16
s1945,1
s1945,3
s1945,7
s1946,1
s1946,3
s1946,10
s1947,6
s1947,3
s1947,16
s1951,1
s1951,2
s1951,3
s1958,11
s1958,9
s1958,29
s1960,11
s1960,14
s1960,1
s1961,15
s1964,1
s1964,3
s1965,11
s1965,3
s1966,11
s1966,3
s1967,11
s1967,3
s1968,11
s1968,3
s1970,11
s1970,3
s1971,8
s1971,3
s1971,10
s1972,6
s1972,3
s1973,11
s1973,3
s1975,1
s1975,3
s1975,7
s1976,6
s1976,3
s1977,1
s1977,3
s1977,10
s1978,1
s1978,2
s1978,3
s1982,6
s1982,3
s1982,7
s1983,3
s1983,10
s1985,15
s1985,3
s1985,16
s1986,14
s1986,6
s1988,1
s1988,2
s1996,1
s1996,10
s1997,1
s1997,3
s1997,10
s1998,11
s1998,3
s1999,4
s1999,21
s1999,22
s2001,25
s2002,1
s2002,2
s2002,7
s2004,14
s2004,6
s2006,1
s2006,3
s2006,16
s2008,14
s2008,6
s2008,1
s2011,14
s2012,14
s2012,6
s2016,1
s2016,3
s2016,10
s2017,1
s2017,3
s2018,1
s2018,3
s2019,1
s2019,3
s2020,6
s2020,1
s2020,3
s2021,14
s2021,1
s2021,3
s2023,39
s2023,28
s2024,1
s2024,3
s2024,7
s2025,6
s2025,3
s2025,7
s2026,6
s2026,1
s2026,3
s2027,6
s2027,1
s2027,3
s2028,14
s2029,1
s2029,3
s2029,10
s2030,6
s2030,8
s2031,6
s2031,1
s2031,2
s2032,1
s2032,3
s2035,6
s2035,3
s2035,16
s2036,15
s2037,8
s2037,3
s2037,10
s2040,1
s2040,2
s2040,3
s2044,1
s2046,1
s2046,2
s2047,6
s2047,1
s2047,3
s2049,6
s2049,1
s2049,2
s2050,6
s2050,3
s2050,7
s2051,25
s2052,1
s2052,2
s2052,3
s2053,6
s2053,2
s2053,7
s2056,1
s2056,2
s2056,3
s2057,14
s2057,6
s2058,15
s2058,3
s2058,16
s2060,11
s2060,1
s2060,7
s2061,3
s2061,7
s2062,14
s2062,16
s2066,13
s2066,3
s2068,11
s2068,13
s2068,3
s2072,14
s2072,6
s2073,6
s2075,6
s2075,1
s2075,3
s2076,15
s2076,3
s2076,29
s2077,14
s2077,6
s2078,1
s2078,3
s2078,29
s2080,14
s2080,6
s2081,4
s2081,40
s2081,39
s2082,14
s2083,6
s2083,3
s2083,7
s2084,11
s2085,1
s2088,11
s2088,3
s2089,3
s2089,10
s2091,6
s2091,1
s2091,2
s2092,8
s2092,3
s2092,10
s2093,1
s2093,18
s2095,1
s2095,3
s2095,19
s2096,15
s2101,1
s2101,10
s2104,1
s2104,3
s2104,10
s2105,8
s2105,2
s2105,3
s2108,11
s2108,14
s2108,6
s2109,21
s2109,35
s2109,32
s2111,6
s2111,3
s2112,1
s2112,3
s2116,6
s2117,6
s2117,1
s2117,3
s2118,6
s2118,1
s2118,3
s2121,1
s2121,3
s2121,16
s2122,11
s2122,9
s2127,6
s2127,3
s2127,16
s2130,14
s2130,6
s2131,1
s2131,2
s2132,14
s2133,11
s2138,6
s2138,1
s2138,3
s2139,1
s2139,2
s2140,1
s2140,2
s2140,10
s2142,11
s2142,1
s2142,3
s2143,14
s2143,6
s2143,9
s2144,25
s2147,1
s2147,7
s2150,8
s2150,10
s2151,6
s2151,3
s2155,15
s2156,14
s2160,6
s2162,15
s2162,3
s2162,16
s2164,15
s2164,3
s2164,29
s2168,14
s2168,6
s2170,25
s2172,6
s2172,1
s2172,2
s2173,6
s2177,11
s2178,14
s2180,1
s2180,7
s2184,19
s2184,10
s2186,14
s2186,6
s2187,1
s2187,3
s2187,10
s2188,6
s2188,3
s2188,7
s2189,14
s2192,1
s2192,3
s2194,6
s2194,1
s2194,2
s2196,6
s2196,3
s2196,7
s2197,1
s2197,3
s2197,10
s2198,1
s2198,2
s2198,3
s2199,1
s2199,3
s2199,10
s2203,6
s2203,1
s2203,2
s2205,6
s2205,3
s2206,11
s2206,3
s2207,1
s2207,2
s2207,3
s2208,14
s2208,6
s2209,14
s2209,6
s2210,1
s2210,3
s2211,3
s2211,10
s2212,1
s2212,3
s2212,7
s2214,6
s2214,7
s2216,14
s2216,6
s2217,1
s2217,3
s2221,11
s2221,1
s2221,3
s2222,25
s2225,1
s2225,3
s2232,6
s2232,3
s2233,10
s2234,6
s2234,3
s2234,7
s2235,1
s2235,3
s2235,7
s2240,1
s2240,3
s2240,10
s2241,6
s2241,3
s2243,25
s2245,1
s2245,3
s2248,6
s2248,3
s2251,11
s2252,20
s2252,21
s2252,22
s2257,15
s2257,29
s2258,15
s2258,19
s2260,6
s2260,2
s2261,14
s2263,15
s2263,29
s2265,6
s2265,3
s2265,16
s2266,11
s2266,6
s2266,1
s2267,1
s2267,3
s2267,7
s2268,1
s2268,3
s2269,11
s2269,6
s2269,1
s2270,1
s2270,2
s2270,3
s2271,6
s2271,3
s2271,16
s2272,6
s2272,1
s2272,3
s2273,1
s2273,3
s2273,10
s2274,11
s2274,1
s2274,3
s2275,11
s2275,6
s2275,3
s2276,21
s2276,23
s2276,28
s2277,1
s2277,3
s2277,7
s2278,1
s2278,3
s2278,10
s2279,1
s2279,3
s2279,29
s2280,1
s2280,2
s2280,3
s2281,6
s2281,3
s2281,7
s2282,6
s2282,1
s2282,3
s2283,6
s2283,1
s2283,3
s2284,1
s2284,2
s2284,7
s2285,1
s2285,2
s2285,3
s2286,11
s2286,3
s2287,6
s2287,1
s2287,3
s2288,6
s2288,1
s2288,3
s2289,11
s2289,1
s2289,2
s2290,1
s2290,3
s2290,10
s2291,6
s2291,1
s2291,3
s2292,6
s2292,3
s2295,6
s2295,7
s2296,1
s2296,3
s2297,15
s2301,6
s2301,1
s2301,3
s2303,25
s2305,15
s2305,3
s2308,39
s2309,1
s2309,3
s2310,11
s2310,6
s2310,3
s2311,15
s2311,16
s2312,10
s2313,6
s2313,3
s2315,11
s2315,3
s2315,7
s2316,6
s2318,11
s2318,9
s2320,6
s2320,3
s2320,7
s2322,25
s2324,11
s2324,1
s2324,3
s2325,1
s2325,3
s2325,7
s2326,15
s2326,3
s2329,14
s2329,1
s2329,2
s2331,6
s2331,16
s2331,7
s2333,6
s2333,3
s2333,7
s2334,1
s2334,2
s2334,3
s2337,1
s2337,3
s2339,3
s2339,7
s2340,11
s2340,1
s2340,3
s2341,1
s2341,3
s2341,7
s2343,8
s2343,3
s2345,1
s2345,2
s2345,3
s2346,25
s2348,1
s2348,2
s2348,3
s2349,6
s2349,3
s2349,7
s2351,1
s2351,2
s2351,10
s2352,1
s2352,3
s2354,6
s2354,1
s2354,3
s2355,1
s2355,3
s2357,14
s2357,6
s2357,1
s2359,11
s2359,1
s2359,3
s2361,1
s2361,3
s2361,7
s2362,1
s2362,3
s2364,1
s2364,3
s2364,10
s2365,13
s2365,14
s2365,3
s2366,12
s2366,1
s2366,3
s2367,12
s2367,1
s2367,3
s2368,12
s2368,1
s2368,2
s2369,12
s2369,1
s2369,3
s2370,12
s2370,1
s2370,3
s2372,6
s2372,3
s2373,15
s2373,3
s2373,16
s2374,11
s2374,12
s2374,1
s2375,1
s2375,3
s2375,7
s2376,12
s2376,1
s2376,3
s2377,12
s2377,1
s2377,3
s2378,14
s2378,6
s2380,6
s2380,2
s2381,14
s2381,1
s2381,18
s2382,1
s2382,3
s2383,8
s2383,10
s2386,14
s2386,29
s2387,11
s2387,1
s2387,3
s2388,1
s2388,3
s2388,10
s2390,1
s2390,3
s2392,1
s2392,3
s2392,7
s2393,6
s2393,1
s2393,2
s2394,11
s2394,1
s2398,25
s2399,13
s2399,14
s2403,6
s2403,1
s2403,3
s2404,6
s2404,3
s2406,30
s2406,31
s2408,6
s2408,1
s2408,2
s2411,11
s2411,3
s2411,9
s2412,1
s2412,7
s2413,1
s2413,3
s2413,7
s2414,3
s2414,10
s2415,1
s2415,2
s2415,3
s2417,1
s2417,2
s2419,1
s2419,3
s2420,6
s2420,7
s2421,1
s2421,3
s2422,6
s2422,3
s2424,40
s2424,30
s2424,35
s2425,11
s2425,1
s2425,2
s2428,1
s2428,3
s2428,7
s2429,6
s2429,3
s2430,6
s2430,3
s2430,7
s2431,6
s2431,1
s2431,2
s2434,6
s2434,3
s2435,6
s2435,1
s2435,3
s2436,6
s2436,3
s2438,6
s2438,1
s2438,3
s2439,1
s2439,3
s2440,11
s2440,6
s2440,3
s2442,6
s2442,1
s2442,3
s2443,6
s2443,3
s2443,7
s2444,8
s2444,3
s2446,6
s2446,1
s2446,2
s2447,6
s2447,3
s2447,7
s2449,6
s2449,3
s2452,11
s2452,13
s2452,14
s2455,6
s2455,1
s2456,1
s2457,1
s2457,16
s2457,7
s2458,6
s2458,1
s2458,3
s2459,25
s2461,1
s2461,3
s2461,7
s2464,6
s2464,8
s2464,3
s2465,6
s2465,8
s2465,3
s2466,1
s2466,3
s2466,10
s2468,1
s2468,2
s2468,3
s2469,25
s2470,11
s2470,6
s2470,3
s2471,30
s2471,31
s2472,1
s2472,10
s2475,1
s2475,3
s2476,1
s2476,3
s2476,16
s2478,8
s2478,3
s2478,10
s2479,13
s2479,14
s2480,11
s2480,6
s2480,7
s2481,28
s2482,1
s2482,3
s2482,7
s2483,6
s2483,1
s2483,3
s2486,6
s2486,3
s2486,7
s2488,6
s2488,1
s2488,3
s2491,6
s2491,3
s2491,7
s2492,6
s2492,1
s2492,3
s2493,6
s2493,3
s2494,1
s2494,3
s2495,16
s2497,1
s2497,2
s2498,1
s2498,2
s2498,7
s2499,6
s2499,3
s2501,6
s2501,1
s2501,2
s2502,6
s2502,3
s2503,11
s2503,3
s2504,6
s2504,3
s2504,7
s2505,6
s2505,3
s2506,6
s2506,3
s2507,6
s2507,3
s2508,38
s2508,28
s2510,6
s2510,3
s2510,7
s2511,6
s2511,3
s2512,1
s2512,2
s2512,3
s2513,6
s2513,3
s2513,7
s2514,1
s2514,3
s2517,11
s2517,6
s2517,3
s2521,1
s2521,3
s2522,6
s2522,3
s2522,7
s2523,20
s2523,21
s2523,22
s2528,20
s2528,21
s2528,22
s2532,1
s2532,3
s2532,7
s2533,1
s2533,3
s2533,7
s2534,14
s2534,1
s2534,3
s2535,11
s2535,3
s2535,7
s2537,1
s2537,2
s2537,3
s2538,3
s2538,10
s2539,6
s2539,1
s2539,3
s2540,15
s2540,3
s2541,6
s2541,7
s2542,1
s2542,3
s2542,7
s2544,6
s2545,14
s2545,6
s2545,3
s2546,11
s2546,6
s2546,17
s2548,15
s2550,1
s2550,10
s2551,1
s2551,2
s2551,3
s2554,21
s2554,22
s2556,3
s2556,9
s2557,3
s2557,9
s2557,10
s2558,21
s2558,30
s2558,28
s2559,1
s2559,3
s2560,15
s2562,25
s2563,14
s2563,6
s2564,14
s2564,6
s2564,16
s2565,1
s2565,3
s2566,21
s2566,24
s2566,28
s2567,1
s2567,29
s2568,6
s2568,3
s2571,1
s2571,29
s2572,25
s2573,14
s2573,1
s2573,7
s2574,1
s2574,2
s2574,10
s2577,1
s2577,2
s2578,15
s2579,3
s2579,10
s2580,14
s2583,14
s2583,6
s2585,6
s2585,1
s2585,3
s2588,3
s2588,10
s2590,8
s2590,3
s2590,10
s2592,6
s2592,1
s2592,19
s2593,6
s2593,7
s2597,14
s2597,6
s2598,10
s2602,6
s2602,3
s2602,7
s2603,20
s2603,21
s2603,22
s2604,20
s2604,21
s2604,22
s2606,1
s2606,3
s2608,6
s2608,1
s2608,3
s2611,11
s2611,6
s2611,1
s2613,6
s2613,1
s2613,3
s2614,11
s2614,6
s2614,3
s2615,6
s2615,3
s2616,6
s2616,1
s2616,3
s2617,6
s2617,3
s2617,16
s2618,1
s2618,2
s2618,3
s2619,6
s2619,3
s2621,6
s2621,3
s2622,11
s2622,6
s2622,3
s2623,1
s2623,18
s2624,11
s2624,6
s2624,3
s2625,6
s2625,3
s2626,1
s2626,3
s2626,7
s2627,1
s2627,2
s2627,3
s2630,11
s2630,6
s2630,3
s2631,6
s2631,1
s2631,3
s2633,15
s2633,16
s2634,6
s2634,3
s2635,6
s2635,1
s2635,2
s2636,11
s2636,3
s2637,1
s2637,3
s2637,29
s2638,1
s2638,3
s2639,6
s2639,1
s2639,3
s2643,3
s2643,10
s2645,25
s2647,6
s2647,3
s2648,6
s2648,3
s2650,1
s2650,3
s2651,3
s2651,10
s2654,3
s2654,10
s2655,1
s2655,3
s2656,3
s2656,10
s2657,14
s2657,6
s2660,28
s2664,6
s2664,1
s2664,3
s2668,6
s2668,3
s2669,1
s2669,3
s2669,10
s2672,1
s2672,3
s2673,1
s2673,2
s2674,3
s2674,10
s2675,6
s2675,1
s2675,3
s2676,21
s2676,38
s2676,28
s2678,6
s2679,14
s2679,1
s2679,16
s2680,25
s2681,6
s2682,14
s2682,6
s2682,3
s2683,1
s2683,3
s2683,7
s2684,6
s2684,1
s2684,2
s2686,1
s2686,3
s2686,7
s2687,25
s2688,1
s2688,3
s2689,6
s2689,1
s2689,3
s2691,11
s2691,2
s2691,3
s2694,6
s2694,3
s2694,7
s2695,6
s2695,1
s2695,3
s2696,14
s2696,6
s2696,29
s2697,20
s2697,21
s2697,22
s2698,1
s2701,6
s2701,1
s2701,3
s2702,11
s2702,14
s2702,9
s2703,25
s2704,1
s2704,2
s2705,1
s2705,2
s2706,8
s2706,2
s2706,9
s2707,1
s2707,2
s2707,10
s2708,11
s2710,11
s2710,6
s2713,6
s2713,1
s2713,2
s2715,13
s2715,3
s2715,9
s2716,1
s2716,3
s2717,11
s2717,1
s2717,3
s2718,14
s2720,25
s2721,6
s2721,1
s2721,3
s2722,11
s2722,1
s2722,3
s2723,6
s2723,1
s2723,3
s2724,11
s2724,1
s2724,3
s2725,6
s2725,1
s2725,3
s2726,11
s2726,1
s2726,3
s2727,6
s2727,1
s2727,3
s2729,6
s2729,3
s2729,7
s2730,8
s2730,3
s2730,10
s2731,1
s2731,3
s2731,7
s2732,1
s2732,3
s2733,6
s2733,1
s2733,3
s2734,6
s2734,1
s2734,3
s2735,6
s2735,1
s2735,3
s2736,6
s2736,3
s2736,7
s2739,11
s2739,6
s2739,1
s2742,1
s2742,2
s2742,3
s2745,14
s2746,1
s2746,2
s2746,16
s2748,6
s2748,1
s2748,3
s2750,8
s2750,2
s2750,9
s2751,14
s2755,14
s2755,1
s2755,29
s2756,1
s2756,2
s2756,29
s2757,1
s2757,2
s2757,3
s2758,10
s2759,15
s2759,29
s2761,6
s2761,1
s2761,3
s2763,11
s2764,14
s2764,6
s2767,6
s2767,1
s2767,3
s2769,11
s2769,3
s2770,15
s2770,3
s2771,14
s2772,1
s2772,2
s2774,14
s2776,1
s2776,3
s2776,7
s2779,14
s2779,15
s2779,29
s2781,1
s2781,3
s2782,2
s2782,3
s2782,10
s2783,25
s2790,1
s2790,2
s2790,3
s2797,1
s2797,3
s2797,29
s2799,2
s2799,9
s2799,10
s2800,11
s2800,13
s2800,3
s2801,6
s2801,3
s2802,1
s2802,7
s2804,13
s2804,16
s2804,9
s2807,25
s2810,6
s2811,3
s2811,10
s2816,6
s2816,3
s2816,7
s2818,6
s2818,1
s2818,3
s2820,14
s2820,1
s2821,1
s2821,2
s2822,21
s2822,37
s2822,30
s2823,1
s2824,1
s2824,3
s2829,14
s2830,25
s2833,1
s2833,3
s2833,7
s2834,1
s2834,3
s2835,1
s2835,2
s2835,3
s2836,15
s2836,16
s2837,11
s2837,6
s2838,3
s2838,10
s2840,1
s2840,3
s2840,10
s2843,6
s2843,3
s2843,19
s2844,1
s2844,3
s2845,15
s2845,16
s2846,1
s2846,3
s2847,21
s2847,23
s2847,24
s2848,2
s2848,9
s2848,10
s2849,14
s2849,6
s2849,16
s2850,25
s2851,1
s2851,2
s2851,3
s2852,1
s2852,3
s2853,1
s2853,7
s2854,25
s2857,6
s2857,1
s2857,3
s2860,1
s2860,10
s2861,14
s2861,1
s2862,6
s2862,1
s2862,16
s2863,1
s2863,3
s2863,7
s2864,1
s2864,2
s2866,15
s2866,3
s2868,1
s2868,7
s2874,11
s2874,6
s2874,1
s2877,13
s2877,14
s2878,26
s2879,1
s2879,3
s2879,7
s2880,1
s2880,3
s2882,6
s2882,1
s2882,2
s2883,1
s2883,3
s2886,3
s2886,7
s2887,25
s2888,14
s2888,1
s2888,18
s2890,8
s2891,20
s2891,33
s2896,1
s2896,2
s2896,3
s2897,3
s2897,10
s2898,1
s2898,10
s2899,1
s2899,3
s2900,6
s2900,3
s2900,16
s2904,1
s2904,7
s2905,1
s2905,2
s2906,11
s2906,6
s2906,7
s2907,21
s2907,22
s2908,1
s2908,10
s2909,8
s2909,2
s2912,14
s2912,6
s2913,1
s2913,3
s2913,7
s2914,6
s2914,1
s2914,2
s2915,6
s2915,3
s2915,7
s2916,6
s2916,3
s2916,16
s2917,1
s2917,3
s2917,7
s2919,6
s2919,3
s2920,11
s2920,13
s2920,14
s2924,20
s2924,21
s2924,22
s2925,6
s2925,3
s2925,7
s2926,6
s2926,7
s2929,1
s2929,2
s2929,10
s2931,1
s2931,3
s2931,7
s2933,1
s2933,2
s2933,10
s2934,8
s2935,1
s2935,3
s2935,10
s2936,6
s2936,1
s2936,3
s2937,1
s2937,3
s2940,1
s2940,2
s2941,1
s2941,3
s2941,29
s2944,1
s2947,15
s2948,20
s2948,30
s2950,15
s2950,29
s2951,11
s2951,9
s2952,6
s2952,18
s2952,7
s2953,25
s2955,3
s2955,10
s2956,1
s2956,3
s2956,10
s2957,6
s2957,1
s2957,2
s2958,12
s2958,1
s2958,3
s2961,27
s2962,6
s2962,3
s2962,7
s2963,39
s2963,30
s2964,14
s2964,6
s2964,3
s2969,11
s2969,8
s2969,9
s2970,1
s2970,3
s2970,16
s2971,1
s2971,3
s2973,1
s2973,3
s2974,6
s2974,1
s2974,2
s2976,15
s2976,16
s2979,25
s2982,1
s2982,3
s2986,6
s2986,3
s2986,7
s2987,6
s2987,1
s2987,2
s2988,25
s2989,1
s2989,2
s2990,1
s2990,2
s2990,3
s2991,3
s2991,10
s2996,6
s2996,3
s2996,7
s2997,25
s3000,21
s3000,22
s3000,32
s3003,6
s3003,1
s3003,3
s3004,25
s3005,6
s3005,1
s3005,2
s3007,6
s3007,1
s3007,3
s3008,1
s3008,2
s3009,1
s3009,2
s3010,1
s3010,10
s3015,8
s3017,14
s3017,6
s3018,1
s3018,2
s3019,1
s3019,3
s3019,10
s3020,11
s3020,13
s3020,14
s3022,1
s3023,1
s3023,2
s3023,3
s3024,1
s3024,3
s3024,10
s3026,3
s3026,9
s3026,10
s3027,11
s3027,2
s3028,25
s3030,11
s3030,1
s3030,3
s3032,15
s3033,6
s3033,1
s3033,3
s3037,20
s3037,21
s3037,22
s3039,11
s3039,1
s3039,2
s3042,11
s3042,6
s3044,1
s3044,2
s3045,6
s3045,1
s3045,3
s3047,6
s3047,3
s3047,7
s3049,1
s3049,3
s3049,7
s3052,1
s3052,3
s3055,6
s3055,3
s3058,14
s3058,6
s3059,14
s3059,6
s3060,14
s3060,6
s3061,8
s3061,3
s3061,10
s3062,25
s3063,14
s3063,6
s3063,9
s3069,1
s3069,3
s3069,9
s3070,13
s3070,14
s3071,1
s3071,3
s3071,7
s3074,6
s3078,8
s3078,3
s3078,10
s3079,1
s3079,2
s3079,3
s3081,6
s3081,29
s3082,6
s3090,1
s3090,3
s3091,11
s3091,6
s3091,3
s3092,15
s3092,3
s3095,1
s3095,2
s3095,3
s3097,20
s3097,23
s3097,22
s3098,11
s3098,8
s3098,9
s3099,13
s3099,7
s3100,14
s3100,6
s3101,11
s3101,1
s3102,11
s3102,6
s3102,3
s3103,8
s3103,9
s3103,10
s3105,6
s3105,3
s3105,16
s3106,14
s3106,6
s3108,10
s3110,14
s3110,29
s3111,6
s3111,3
s3113,1
s3113,3
s3113,7
s3115,1
s3115,3
s3115,7
s3117,1
s3124,25
s3125,6
s3125,1
s3125,2
s3126,1
s3126,2
s3126,3
s3127,6
s3127,1
s3127,3
s3131,21
s3131,22
s3132,6
s3132,1
s3132,3
s3133,6
s3133,1
s3133,3
s3134,11
s3134,3
s3135,11
s3135,3
s3135,16
s3136,11
s3136,6
s3136,1
s3137,3
s3137,10
s3138,34
s3138,21
s3140,6
s3140,1
s3140,3
s3141,6
s3141,3
s3141,7
s3142,1
s3142,3
s3142,10
s3143,11
s3143,1
s3143,3
s3144,1
s3144,3
s3144,7
s3145,6
s3145,1
s3145,3
s3146,1
s3146,3
s3146,16
s3148,1
s3148,3
s3148,10
s3150,6
s3150,1
s3150,3
s3151,11
s3151,1
s3152,6
s3152,3
s3153,6
s3153,3
s3153,7
s3156,3
s3156,10
s3158,25
s3159,1
s3159,3
s3160,6
s3160,3
s3161,25
s3162,14
s3162,6
s3163,8
s3163,2
s3164,11
s3164,3
s3165,1
s3165,18
s3165,3
s3167,6
s3167,3
s3170,1
s3171,11
s3171,13
s3171,3
s3172,1
s3172,3
s3175,21
s3175,22
s3175,32
s3179,6
s3179,1
s3179,3
s3180,6
s3180,1
s3180,3
s3181,14
s3181,1
s3181,7
s3187,25
s3189,14
s3189,6
s3189,16
s3190,6
s3190,3
s3190,7
s3191,1
s3191,10
s3192,1
s3192,3
s3192,10
s3194,6
s3194,3
s3194,7
s3196,1
s3196,3
s3196,7
s3198,6
s3198,1
s3198,3
s3199,1
s3199,3
s3199,7
s3201,14
s3201,1
s3201,3
s3202,6
s3202,1
s3202,3
s3203,15
s3203,3
s3203,16
s3204,1
s3204,3
s3204,10
s3206,15
s3206,3
s3207,6
s3207,1
s3207,3
s3208,1
s3208,2
s3208,3
s3210,6
s3210,3
s3210,10
s3211,1
s3211,2
s3211,3
s3212,1
s3212,3
s3215,6
s3215,2
s3215,3
s3216,11
s3216,6
s3216,3
s3218,1
s3218,3
s3218,10
s3219,14
s3219,1
s3224,11
s3224,1
s3225,6
s3225,3
s3225,7
s3227,1
s3227,2
s3228,1
s3229,25
s3230,14
s3234,11
s3234,1
s3234,3
s3236,1
s3236,10
s3238,1
s3238,2
s3238,3
s3240,11
s3240,13
s3240,3
s3245,15
s3245,29
s3249,14
s3249,6
s3249,7
s3251,15
s3252,1
s3252,3
s3252,7
s3254,15
s3254,3
s3254,29
s3255,1
s3255,2
s3255,3
s3257,25
s3261,25
s3262,1
s3262,3
s3263,8
s3263,2
s3265,1
s3265,7
s3266,15
s3266,3
s3267,14
s3267,16
s3268,11
s3268,1
s3268,3
s3269,6
s3269,2
s3269,3
s3273,13
s3273,16
s3274,14
s3274,6
s3279,15
s3279,3
s3281,13
s3281,3
s3281,7
s3286,25
s3290,25
s3291,1
s3291,2
s3291,19
s3297,6
s3297,1
s3297,19
s3298,11
s3298,1
s3298,3
s3300,3
s3300,10
s3301,1
s3303,11
s3303,1
s3303,3
s3304,14
s3304,6
s3304,16
s3306,25
s3308,6
s3308,1
s3308,2
s3309,1
s3309,3
s3309,7
s3310,6
s3312,15
s3313,1
s3313,3
s3313,10
s3316,14
s3316,6
s3318,14
s3318,6
s3318,16
s3319,14
s3320,14
s3320,6
s3321,14
s3321,6
s3322,14
s3323,14
s3323,6
s3324,14
s3324,6
s3325,14
s3325,6
s3327,6
s3327,3
s3330,1
s3332,1
s3333,6
s3335,11
s3335,3
s3338,14
s3338,1
s3338,7
s3339,14
s3339,6
s3339,7
s3344,14
s3344,6
s3344,7
s3348,1
s3349,1
s3349,3
s3354,15
s3354,3
s3354,16
s3355,25
s3357,20
s3357,21
s3357,30
s3359,21
s3359,37
s3359,23
s3360,1
s3360,3
s3360,7
s3363,25
s3367,15
s3367,3
s3367,29
s3372,1
s3372,3
s3372,10
s3373,6
s3373,1
s3380,8
s3380,2
s3380,10
s3381,6
s3381,1
s3381,3
s3384,15
s3384,16
s3385,8
s3385,3
s3387,15
s3388,11
s3388,3
s3389,15
s3389,25
s3390,11
s3390,6
s3390,2
s3392,1
s3392,3
s3392,10
s3393,6
s3393,3
s3393,7
s3399,8
s3403,6
s3403,3
s3403,7
s3406,6
s3406,1
s3406,3
s3408,11
s3408,1
s3408,3
s3410,6
s3410,1
s3412,1
s3412,3
s3413,6
s3413,1
s3413,3
s3414,1
s3414,18
s3414,3
s3420,25
s3422,8
s3423,15
s3423,29
s3424,20
s3424,21
s3424,22
s3425,25
s3426,1
s3426,3
s3428,6
s3428,3
s3428,7
s3429,1
s3429,10
s3430,10
s3432,1
s3432,3
s3433,1
s3433,3
s3433,10
s3435,8
s3435,3
s3439,1
s3439,7
s3440,1
s3440,10
s3442,25
s3444,1
s3444,3
s3444,7
s3447,1
s3447,2
s3447,3
s3449,6
s3449,3
s3449,7
s3451,8
s3451,10
s3452,14
s3452,6
s3457,14
s3460,6
s3460,3
s3460,7
s3462,21
s3462,37
s3462,23
s3466,1
s3466,3
s3466,7
s3472,25
s3473,14
s3473,6
s3476,14
s3476,6
s3477,6
s3477,1
s3477,2
s3478,20
s3478,30
s3478,22
s3479,25
s3481,1
s3481,3
s3483,6
s3483,3
s3485,1
s3485,9
s3485,10
s3487,1
s3487,3
s3487,7
s3488,11
s3488,1
s3488,3
s3495,11
s3496,25
s3497,6
s3497,1
s3497,3
s3498,6
s3498,2
s3498,3
s3499,1
s3499,2
s3499,3
s3501,6
s3504,4
s3504,20
s3504,21
s3507,21
s3507,28
s3507,22
s3508,6
s3508,3
s3510,1
s3510,3
s3510,7
s3512,11
s3513,25
s3514,15
s3514,3
s3514,16
s3515,15
s3517,6
s3517,3
s3517,16
s3518,15
s3518,3
s3519,15
s3521,6
s3521,3
s3523,1
s3523,3
s3523,7
s3524,14
s3524,6
s3524,7
s3529,25
s3531,1
s3531,3
s3531,10
s3532,6
s3532,1
s3532,2
s3533,6
s3533,2
s3533,3
s3534,6
s3534,3
s3534,7
s3537,1
s3537,2
s3537,3
s3538,6
s3538,1
s3538,3
s3542,34
s3542,21
s3543,1
s3543,2
s3543,3
s3545,14
s3546,6
s3546,3
s3549,6
s3549,3
s3550,14
s3550,6
s3550,1
s3555,3
s3555,10
s3556,6
s3556,7
s3557,1
s3557,18
s3557,3
s3558,15
s3558,16
s3560,25
s3561,6
s3561,3
s3564,6
s3564,1
s3564,3
s3565,6
s3565,3
s3566,3
s3566,16
s3567,1
s3567,2
s3567,3
s3570,8
s3570,3
s3570,10
s3573,3
s3573,7
s3575,25
s3583,9
s3583,10
s3584,6
s3587,6
s3587,3
s3590,20
s3590,21
s3590,22
s3591,21
s3591,22
s3591,41
s3592,25
s3594,1
s3594,3
s3595,6
s3595,3
s3595,16
s3596,15
s3596,29
s3603,1
s3603,2
s3603,3
s3604,14
s3604,6
s3604,19
s3606,33
s3614,21
s3614,37
s3614,23
s3615,21
s3615,37
s3615,23
s3617,3
s3617,10
s3618,25
s3619,6
s3619,1
s3619,3
s3620,25
s3621,25
s3623,25
s3624,15
s3624,3
s3626,1
s3626,3
s3627,14
s3627,6
s3627,3
s3631,1
s3631,3
s3632,1
s3632,2
s3632,3
s3635,1
s3635,10
s3638,1
s3638,2
s3638,3
s3639,8
s3639,3
s3640,6
s3640,8
s3640,3
s3642,1
s3642,2
s3642,3
s3646,25
s3647,25
s3648,11
s3648,17
s3648,3
s3649,6
s3649,3
s3650,11
s3650,6
s3650,3
s3651,11
s3651,3
s3653,6
s3653,3
s3654,38
s3654,28
s3658,10
s3659,11
s3659,1
s3659,3
s3662,1
s3662,3
s3663,6
s3669,6
s3669,1
s3669,2
s3671,1
s3671,2
s3671,3
s3673,1
s3673,3
s3673,10
s3676,11
s3680,25
s3694,25
s3699,8
s3699,3
s3699,7
s3700,1
s3700,3
s3700,10
s3702,6
s3702,1
s3702,3
s3704,15
s3704,3
s3707,11
s3707,3
s3707,9
s3710,1
s3710,2
s3710,16
s3712,25
s3714,3
s3714,16
s3714,10
s3716,25
s3718,11
s3718,3
s3719,1
s3719,2
s3719,3
s3720,21
s3720,23
s3720,24
s3721,11
s3721,13
s3721,3
s3729,11
s3729,13
s3729,3
s3730,8
s3730,2
s3730,3
s3731,1
s3731,3
s3731,10
s3732,1
s3732,2
s3732,16
s3734,25
s3735,10
s3736,6
s3736,1
s3736,2
s3740,6
s3740,3
s3740,7
s3741,1
s3741,2
s3741,3
s3748,14
s3748,6
s3754,6
s3757,15
s3758,8
s3758,3
s3759,25
s3760,15
s3760,16
s3762,1
s3762,2
s3762,3
s3764,1
s3764,3
s3764,19
s3765,3
s3765,9
s3765,10
s3766,6
s3766,3
s3766,7
s3767,14
s3768,14
s3768,1
s3768,3
s3769,6
s3769,8
s3769,2
s3772,15
s3772,16
s3773,1
s3773,3
s3774,13
s3774,3
s3776,1
s3776,3
s3776,9
s3777,25
s3782,1
s3782,3
s3784,1
s3784,2
s3784,3
s3786,6
s3786,3
s3787,11
s3787,3
s3787,29
s3789,6
s3789,1
s3789,2
s3791,1
s3791,3
s3792,6
s3792,1
s3792,3
s3794,3
s3794,10
s3798,1
s3798,2
s3798,3
s3799,11
s3799,2
s3799,9
s3801,8
s3801,19
s3801,16
s3805,11
s3805,6
s3805,3
s3806,25
s3814,11
s3814,3
s3816,25
s3817,1
s3817,9
s3817,10
s3819,14
s3819,1
s3820,1
s3820,2
s3820,3
s3821,14
s3821,6
s3823,1
s3823,2
s3823,3
s3826,11
s3826,1
s3830,14
s3830,6
s3831,15
s3833,1
s3833,2
s3833,3
s3834,1
s3834,2
s3834,3
s3835,11
s3835,6
s3835,1
s3837,6
s3837,1
s3837,3
s3842,6
s3843,11
s3843,1
s3843,3
s3859,3
s3859,9
s3861,20
s3861,21
s3861,24
s3863,6
s3863,3
s3863,7
s3864,1
s3864,2
s3866,1
s3866,3
s3866,10
s3867,6
s3867,7
s3869,6
s3869,1
s3869,3
s3870,11
s3872,15
s3872,16
s3873,15
s3874,8
s3874,3
s3875,6
s3875,1
s3875,3
s3876,6
s3876,3
s3878,25
s3886,1
s3886,2
s3886,3
s3889,6
s3889,3
s3889,7
s3890,6
s3890,1
s3890,3
s3891,6
s3891,1
s3891,3
s3895,1
s3895,3
s3900,1
s3900,2
s3900,3
s3904,6
s3904,7
s3905,1
s3905,3
s3906,1
s3906,2
s3906,3
s3907,25
s3909,6
s3909,1
s3909,3
s3911,6
s3911,1
s3911,3
s3912,3
s3912,16
s3912,10
s3914,1
s3914,3
s3914,7
s3915,6
s3915,3
s3915,16
s3916,6
s3916,3
s3916,7
s3917,1
s3917,3
s3917,9
s3918,1
s3918,3
s3918,7
s3919,11
s3919,6
s3919,1
s3920,8
s3922,1
s3922,3
s3923,8
s3923,3
s3924,8
s3924,3
s3927,6
s3927,7
s3929,21
s3929,37
s3929,22
s3930,25
s3931,8
s3931,10
s3933,1
s3933,3
s3933,16
s3936,11
s3936,9
s3940,11
s3940,6
s3940,1
s3946,6
s3946,1
s3946,2
s3949,8
s3949,3
s3951,6
s3951,1
s3951,3
s3952,1
s3952,3
s3953,25
s3955,3
s3955,7
s3955,9
s3956,1
s3956,2
s3956,3
s3958,6
s3960,8
s3961,1
s3961,2
s3961,3
s3963,6
s3963,1
s3963,2
s3964,1
s3964,3
s3964,29
s3967,1
s3973,8
s3973,3
s3974,1
s3974,3
s3974,7
s3975,25
s3976,11
s3976,6
s3976,1
s3978,11
s3978,6
s3978,3
s3979,11
s3979,6
s3979,3
s3983,1
s3983,3
s3983,9
s3986,6
s3986,1
s3986,16
s3991,11
s3991,6
s3991,3
s3992,11
s3992,6
s3992,3
s3993,6
s3993,1
s3993,3
s3994,1
s3994,3
s3994,7
s3995,3
s3995,7
s3996,15
s3996,3
s3996,29
s3998,1
s3998,2
s3998,3
s4000,25
s4001,6
s4001,1
s4001,2
s4003,6
s4003,1
s4003,3
s4004,11
s4004,3
s4005,25
s4006,1
s4006,3
s4006,19
s4008,25
s4009,25
s4010,25
s4011,25
s4012,15
s4012,29
s4014,11
s4014,1
s4014,3
s4018,1
s4018,3
s4018,7
s4019,1
s4019,3
s4019,7
s4020,6
s4020,1
s4020,3
s4021,3
s4021,7
s4022,6
s4022,1
s4022,3
s4025,11
s4032,11
s4032,6
s4032,3
s4034,1
s4034,2
s4034,7
s4035,1
s4035,2
s4035,3
s4037,14
s4037,1
s4038,6
s4038,1
s4038,7
s4039,6
s4039,3
s4040,1
s4040,3
s4040,7
s4041,1
s4041,3
s4041,7
s4042,1
s4042,3
s4042,7
s4046,11
s4047,1
s4047,3
s4047,7
s4048,1
s4048,3
s4048,7
s4049,1
s4049,3
s4052,15
s4052,3
s4052,29
s4054,6
s4054,3
s4059,14
s4059,6
s4060,8
s4060,3
s4060,10
s4061,14
s4061,6
s4063,14
s4063,1
s4063,2
s4065,11
s4065,3
s4066,14
s4067,1
s4067,3
s4067,10
s4068,1
s4068,2
s4068,3
s4069,1
s4069,3
s4069,7
s4070,11
s4070,6
s4070,3
s4071,6
s4071,3
s4071,7
s4072,6
s4072,1
s4072,3
s4073,1
s4073,2
s4073,3
s4074,6
s4074,1
s4074,3
s4075,6
s4075,3
s4075,7
s4076,6
s4076,1
s4076,3
s4077,1
s4077,3
s4077,7
s4078,1
s4078,3
s4078,16
s4079,1
s4079,3
s4079,7
s4081,25
s4082,1
s4082,2
s4082,3
s4083,1
s4083,3
s4084,25
s4086,1
s4086,3
s4087,6
s4087,1
s4087,2
s4088,1
s4088,2
s4088,3
s4089,1
s4089,2
s4089,3
s4092,1
s4092,3
s4092,10
s4093,25
s4094,15
s4094,19
s4095,1
s4095,2
s4095,3
s4096,11
s4096,1
s4096,3
s4098,1
s4098,3
s4098,9
s4099,1
s4099,2
s4099,3
s4101,6
s4101,1
s4101,2
s4102,1
s4102,2
s4102,3
s4103,1
s4103,3
s4104,6
s4104,1
s4104,3
s4105,21
s4105,28
s4105,22
s4107,1
s4107,3
s4107,7
s4108,6
s4108,3
s4108,7
s4109,1
s4109,3
s4111,6
s4111,2
s4111,3
s4113,6
s4113,3
s4113,7
s4114,6
s4114,3
s4116,25
s4121,1
s4121,29
s4122,14
s4122,6
s4124,15
s4124,16
s4125,1
s4125,2
s4125,3
s4129,25
s4134,8
s4134,9
s4135,1
s4135,2
s4135,3
s4137,6
s4137,1
s4137,3
s4139,27
s4140,14
s4147,1
s4147,10
s4148,6
s4148,8
s4148,3
s4149,6
s4149,1
s4149,3
s4152,1
s4152,3
s4152,16
s4153,1
s4153,2
s4153,3
s4155,1
s4155,3
s4156,1
s4156,3
s4156,9
s4158,1
s4158,3
s4158,7
s4159,1
s4159,2
s4159,3
s4160,1
s4160,3
s4161,1
s4161,18
s4161,3
s4162,1
s4162,18
s4162,3
s4165,1
s4165,3
s4166,8
s4166,3
s4170,6
s4170,3
s4174,1
s4174,3
s4174,16
s4175,20
s4175,21
s4175,22
s4178,1
s4178,9
s4181,15
s4181,3
s4182,15
s4182,3
s4183,1
s4183,2
s4183,3
s4187,1
s4187,3
s4189,3
s4189,10
s4191,11
s4191,1
s4191,3
s4192,8
s4192,3
s4193,11
s4193,3
s4194,25
s4195,8
s4195,3
s4196,8
s4196,3
s4198,1
s4198,3
s4199,6
s4199,1
s4199,3
s4205,1
s4205,2
s4205,3
s4206,6
s4206,1
s4209,11
s4209,13
s4209,3
s4210,6
s4210,1
s4210,3
s4211,1
s4211,2
s4211,3
s4212,8
s4212,3
s4212,7
s4213,1
s4213,2
s4213,3
s4215,6
s4215,1
s4215,2
s4218,11
s4218,12
s4218,6
s4220,6
s4220,3
s4220,16
s4222,1
s4222,2
s4222,3
s4223,25
s4224,13
s4224,14
s4225,3
s4225,10
s4226,1
s4226,2
s4226,3
s4229,25
s4230,25
s4232,25
s4233,25
s4234,25
s4238,25
s4239,25
s4240,25
s4244,11
s4244,13
s4244,3
s4245,25
s4247,16
s4247,25
s4248,16
s4248,25
s4249,25
s4250,25
s4253,1
s4253,3
s4256,11
s4256,6
s4256,1
s4260,1
s4260,3
s4260,10
s4263,4
s4263,21
s4263,30
s4268,6
s4268,1
s4268,3
s4269,1
s4269,9
s4269,10
s4278,8
s4278,3
s4279,27
s4281,11
s4281,3
s4282,3
s4282,10
s4283,1
s4283,3
s4283,10
s4284,1
s4284,2
s4284,3
s4285,38
s4285,28
s4286,1
s4286,2
s4286,3
s4287,14
s4287,6
s4288,6
s4288,1
s4288,3
s4290,14
s4290,6
s4292,1
s4292,10
s4293,6
s4293,1
s4294,16
s4295,1
s4295,7
s4296,14
s4296,9
s4298,6
s4298,1
s4298,3
s4300,15
s4300,16
s4302,15
s4302,16
s4304,1
s4304,3
s4304,10
s4307,1
s4307,2
s4307,3
s4315,25
s4316,6
s4316,3
s4318,6
s4318,1
s4318,2
s4320,11
s4320,14
s4320,1
s4322,21
s4322,22
s4325,15
s4329,11
s4329,6
s4329,3
s4330,1
s4330,3
s4330,7
s4331,3
s4331,10
s4333,1
s4333,3
s4333,7
s4334,11
s4334,6
s4334,3
s4335,6
s4335,3
s4335,7
s4336,6
s4336,1
s4336,3
s4337,1
s4337,3
s4338,6
s4338,3
s4338,7
s4339,6
s4339,3
s4339,7
s4340,11
s4340,1
s4340,3
s4342,11
s4342,3
s4343,11
s4343,1
s4343,3
s4344,6
s4344,3
s4344,7
s4346,11
s4346,6
s4346,3
s4347,1
s4347,2
s4347,3
s4349,6
s4349,3
s4350,1
s4350,3
s4352,14
s4352,1
s4352,7
s4353,14
s4355,1
s4355,3
s4356,1
s4356,2
s4356,3
s4358,1
s4358,2
s4358,3
s4359,6
s4359,1
s4359,3
s4361,11
s4361,6
s4361,3
s4362,1
s4362,2
s4362,3
s4365,14
s4370,14
s4370,6
s4371,6
s4371,3
s4374,14
s4374,6
s4375,8
s4375,3
s4376,6
s4376,8
s4376,3
s4378,25
s4379,15
s4383,8
s4383,2
s4383,10
s4384,6
s4384,1
s4384,3
s4386,6
s4386,1
s4389,1
s4389,2
s4389,3
s4391,6
s4391,3
s4391,7
s4392,6
s4392,1
s4392,2
s4393,8
s4393,3
s4395,6
s4395,2
s4395,3
s4396,8
s4396,3
s4397,1
s4397,3
s4398,11
s4398,3
s4402,6
s4402,3
s4402,7
s4403,6
s4403,3
s4405,11
s4405,1
s4412,1
s4412,3
s4415,6
s4415,3
s4415,19
s4418,1
s4418,7
s4419,12
s4419,1
s4419,2
s4420,15
s4421,6
s4421,3
s4421,16
s4422,3
s4422,10
s4423,1
s4423,3
s4423,16
s4424,1
s4424,3
s4425,11
s4425,1
s4425,3
s4426,1
s4426,3
s4426,16
s4427,6
s4427,1
s4427,3
s4428,6
s4428,1
s4428,3
s4429,3
s4429,7
s4430,6
s4430,1
s4430,3
s4432,1
s4432,3
s4432,16
s4433,6
s4433,3
s4433,16
s4434,6
s4434,3
s4435,2
s4435,10
s4436,25
s4438,1
s4438,3
s4438,10
s4439,6
s4439,3
s4439,10
s4440,3
s4440,10
s4441,6
s4441,1
s4441,3
s4442,1
s4442,3
s4443,11
s4443,6
s4443,3
s4444,6
s4444,3
s4444,16
s4445,6
s4445,3
s4445,16
s4446,1
s4446,3
s4446,29
s4447,6
s4447,3
s4447,16
s4448,25
s4449,6
s4449,1
s4449,3
s4450,1
s4450,3
s4450,16
s4451,25
s4452,1
s4452,3
s4453,6
s4453,3
s4453,16
s4454,1
s4454,3
s4455,6
s4455,1
s4455,3
s4456,11
s4456,1
s4456,3
s4457,1
s4457,3
s4457,10
s4458,1
s4458,3
s4458,16
s4459,6
s4459,3
s4459,16
s4460,1
s4460,3
s4460,10
s4461,25
s4463,15
s4463,19
s4464,1
s4464,2
s4464,3
s4465,6
s4465,1
s4465,3
s4467,14
s4467,1
s4468,1
s4468,3
s4468,10
s4469,1
s4469,3
s4471,11
s4471,3
s4473,1
s4473,3
s4474,6
s4474,1
s4474,3
s4478,1
s4478,3
s4478,10
s4481,15
s4483,25
s4485,11
s4485,9
s4487,6
s4487,3
s4487,7
s4491,27
s4493,14
s4493,6
s4494,11
s4494,3
s4494,9
s4497,1
s4497,3
s4500,11
s4500,3
s4501,11
s4501,3
s4503,1
s4503,3
s4503,10
s4506,25
s4507,1
s4507,3
s4508,1
s4508,3
s4510,1
s4510,3
s4510,29
s4511,8
s4511,3
s4511,10
s4513,8
s4513,3
s4513,9
s4516,8
s4516,3
s4520,1
s4520,2
s4523,1
s4523,10
s4525,17
s4525,8
s4525,2
s4526,25
s4527,11
s4527,1
s4527,3
s4529,8
s4533,8
s4533,10
s4534,6
s4534,1
s4534,2
s4538,1
s4538,3
s4539,8
s4540,11
s4541,6
s4541,16
s4545,6
s4546,6
s4546,15
s4548,6
s4549,15
s4553,12
s4553,6
s4553,17
s4555,6
s4557,11
s4557,1
s4557,3
s4558,14
s4559,8
s4559,3
s4560,11
s4560,1
s4560,3
s4561,1
s4561,3
s4561,29
s4562,1
s4562,3
s4563,1
s4563,3
s4563,7
s4564,3
s4564,16
s4564,7
s4566,6
s4566,3
s4566,7
s4568,1
s4568,3
s4568,16
s4569,6
s4569,3
s4569,16
s4570,1
s4570,3
s4572,11
s4572,6
s4572,3
s4573,6
s4573,1
s4573,3
s4574,11
s4574,1
s4574,3
s4575,6
s4575,1
s4575,3
s4576,1
s4576,3
s4576,16
s4577,1
s4577,3
s4577,29
s4578,6
s4578,3
s4578,7
s4579,11
s4579,1
s4579,3
s4580,6
s4580,1
s4580,3
s4581,3
s4581,10
s4582,1
s4582,3
s4583,6
s4583,3
s4583,7
s4584,6
s4584,1
s4584,3
s4585,6
s4585,1
s4585,3
s4586,6
s4586,3
s4587,11
s4587,3
s4588,11
s4588,3
s4589,6
s4589,3
s4589,9
s4590,14
s4591,14
s4592,6
s4592,1
s4592,2
s4593,11
s4593,1
s4593,3
s4594,1
s4594,3
s4594,7
s4595,6
s4595,3
s4595,16
s4596,11
s4596,1
s4596,3
s4597,6
s4597,1
s4597,2
s4598,11
s4598,3
s4599,8
s4599,3
s4599,10
s4600,6
s4600,3
s4600,16
s4601,11
s4601,3
s4601,16
s4602,11
s4602,3
s4602,16
s4603,6
s4603,1
s4603,3
s4604,6
s4604,1
s4604,3
s4606,11
s4606,3
s4606,16
s4608,6
s4608,3
s4608,16
s4610,11
s4610,1
s4610,3
s4611,1
s4611,2
s4611,3
s4612,11
s4612,3
s4612,16
s4613,6
s4613,3
s4613,7
s4614,1
s4614,3
s4615,6
s4615,3
s4615,7
s4616,1
s4616,3
s4616,7
s4617,14
s4617,1
s4618,1
s4618,2
s4618,3
s4619,11
s4619,3
s4619,9
s4620,11
s4620,1
s4625,8
s4625,3
s4627,2
s4627,3
s4627,10
s4631,15
s4631,16
s4642,1
s4642,3
s4642,10
s4643,6
s4643,1
s4643,2
s4647,1
s4647,3
s4650,1
s4650,3
s4657,14
s4657,6
s4657,9
s4658,6
s4658,7
s4660,1
s4660,3
s4660,10
s4661,6
s4661,1
s4661,3
s4662,11
s4665,20
s4665,21
s4665,22
s4666,1
s4666,3
s4666,10
s4667,1
s4667,2
s4667,3
s4668,1
s4668,2
s4668,3
s4669,1
s4669,2
s4669,3
s4670,1
s4670,2
s4670,3
s4672,1
s4672,3
s4672,29
s4676,6
s4676,3
s4676,7
s4680,11
s4680,3
s4681,6
s4681,3
s4681,7
s4682,11
s4682,3
s4684,25
s4686,21
s4686,22
s4686,35
s4687,6
s4688,21
s4688,28
s4688,22
s4689,6
s4689,16
s4691,6
s4691,1
s4691,3
s4692,11
s4692,1
s4692,3
s4693,1
s4693,3
s4693,10
s4694,1
s4694,3
s4694,7
s4695,6
s4695,1
s4695,3
s4698,6
s4698,1
s4698,3
s4699,6
s4699,3
s4699,7
s4700,25
s4701,1
s4701,3
s4701,9
s4702,6
s4702,1
s4702,2
s4706,1
s4706,7
s4707,6
s4708,15
s4708,29
s4709,1
s4709,3
s4709,10
s4713,6
s4713,1
s4713,3
s4714,11
s4714,3
s4715,6
s4715,1
s4715,3
s4716,13
s4716,3
s4716,7
s4719,6
s4719,1
s4720,1
s4720,3
s4720,10
s4721,14
s4721,6
s4721,1
s4722,1
s4722,3
s4723,1
s4723,3
s4723,7
s4724,1
s4724,3
s4724,16
s4725,1
s4725,3
s4726,1
s4726,3
s4726,7
s4727,11
s4727,1
s4727,3
s4728,6
s4728,3
s4728,16
s4729,6
s4729,3
s4729,16
s4730,3
s4730,16
s4730,7
s4731,11
s4731,1
s4731,3
s4732,1
s4732,3
s4732,10
s4733,1
s4733,3
s4734,11
s4734,6
s4734,3
s4735,1
s4735,3
s4735,7
s4736,6
s4736,3
s4736,7
s4737,6
s4737,3
s4737,7
s4738,14
s4738,1
s4738,2
s4740,15
s4741,1
s4741,2
s4741,3
s4746,27
s4747,6
s4749,6
s4749,8
s4749,3
s4750,25
s4752,11
s4752,1
s4752,9
s4756,1
s4756,3
s4757,25
s4758,3
s4758,10
s4761,14
s4761,6
s4766,1
s4766,18
s4766,3
s4769,15
s4769,3
s4769,16
s4770,11
s4770,13
s4770,3
s4771,14
s4771,1
s4771,3
s4774,11
s4774,9
s4775,25
s4776,8
s4776,2
s4776,3
s4780,21
s4780,37
s4780,23
s4782,25
s4783,11
s4783,6
s4783,1
s4784,1
s4784,2
s4784,3
s4785,14
s4785,1
s4786,25
s4787,25
s4788,25
s4789,25
s4790,6
s4790,1
s4790,3
s4791,6
s4791,1
s4791,3
s4792,25
s4793,1
s4793,3
s4793,7
s4794,6
s4794,1
s4794,3
s4795,1
s4795,2
s4795,19
s4796,14
s4796,6
s4796,1
s4797,1
s4797,3
s4797,10
s4798,6
s4798,1
s4798,3
s4800,8
s4800,3
s4801,6
s4801,1
s4801,3
s4803,1
s4803,2
s4803,3
s4804,25
s4806,8
s4806,2
s4806,3
s4807,1
s4807,3
s4807,10
s4809,25
s4811,6
s4811,1
s4811,3
s4813,9
s4813,10
s4815,25
s4817,11
s4817,13
s4817,9
s4818,6
s4818,3
s4818,19
s4820,1
s4820,2
s4820,3
s4823,1
s4823,3
s4823,7
s4824,25
s4826,6
s4826,1
s4826,3
s4827,6
s4827,3
s4829,6
s4829,7
s4830,1
s4830,2
s4830,3
s4831,1
s4831,3
s4834,6
s4834,1
s4834,2
s4835,6
s4835,2
s4835,3
s4836,25
s4840,1
s4840,3
s4841,1
s4841,3
s4841,10
s4843,1
s4843,2
s4844,15
s4844,3
s4844,29
s4848,1
s4848,3
s4848,10
s4850,25
s4851,6
s4851,7
s4852,25
s4855,25
s4856,6
s4856,3
s4856,7
s4859,25
s4861,11
s4861,1
s4861,3
s4862,11
s4862,13
s4862,12
s4864,25
s4865,6
s4865,2
s4867,25
s4869,6
s4869,7
s4871,25
s4872,6
s4872,3
s4873,8
s4874,14
s4874,6
s4874,16
s4876,1
s4876,9
s4876,10
s4877,25
s4879,1
s4879,3
s4881,6
s4881,3
s4881,7
s4882,11
s4882,3
s4883,6
s4883,1
s4883,3
s4884,6
s4884,3
s4885,11
s4885,3
s4886,1
s4886,3
s4887,11
s4887,1
s4887,2
s4889,11
s4889,2
s4890,6
s4890,3
s4891,25
s4892,6
s4892,3
s4892,7
s4894,27
s4900,1
s4900,3
s4902,6
s4902,1
s4902,2
s4903,6
s4903,3
s4905,6
s4905,3
s4905,7
s4906,1
s4906,3
s4908,14
s4908,1
s4908,7
s4910,6
s4910,3
s4910,29
s4913,6
s4916,25
s4917,15
s4918,14
s4919,11
s4919,6
s4919,3
s4920,25
s4921,6
s4921,1
s4921,2
s4922,6
s4922,1
s4924,6
s4924,1
s4924,3
s4928,11
s4928,9
s4929,1
s4929,18
s4929,2
s4930,6
s4930,3
s4930,7
s4932,1
s4932,2
s4932,3
s4933,25
s4935,1
s4935,2
s4936,1
s4936,2
s4936,29
s4937,1
s4937,3
s4937,9
s4938,15
s4938,18
s4939,25
s4940,6
s4940,1
s4940,2
s4941,25
s4944,8
s4944,2
s4945,25
s4946,1
s4946,3
s4946,10
s4948,1
s4948,3
s4948,10
s4949,1
s4949,3
s4951,25
s4953,11
s4953,6
s4953,1
s4954,1
s4954,3
s4954,10
s4955,6
s4955,1
s4955,3
s4956,1
s4956,3
s4956,7
s4957,6
s4957,1
s4957,3
s4959,11
s4959,9
s4960,1
s4960,2
s4960,29
s4961,6
s4961,7
s4963,25
s4964,1
s4964,9
s4964,10
s4966,6
s4966,17
s4967,6
s4967,17
s4969,4
s4969,21
s4969,38
s4970,1
s4970,3
s4970,10
s4971,11
s4971,6
s4972,1
s4972,3
s4973,1
s4973,2
s4973,16
s4975,1
s4975,16
s4976,1
s4976,3
s4976,16
s4978,14
s4978,1
s4983,13
s4983,14
s4983,3
s4984,6
s4984,1
s4984,3
s4987,1
s4987,3
s4988,11
s4988,1
s4988,3
s4990,25
s4991,14
s4992,34
s4992,21
s4994,1
s4994,10
s4997,3
s4997,10
s4999,25
s5002,25
s5003,25
s5004,8
s5004,3
s5007,11
s5007,2
s5007,9
s5008,1
s5008,3
s5008,7
s5009,1
s5009,3
s5010,11
s5010,6
s5010,3
s5011,1
s5011,16
s5011,7
s5012,6
s5012,3
s5013,1
s5013,3
s5013,7
s5014,6
s5014,2
s5014,3
s5015,1
s5015,3
s5016,6
s5016,3
s5017,27
s5018,27
s5019,6
s5019,17
s5020,27
s5021,6
s5021,2
s5021,3
s5022,1
s5022,3
s5023,1
s5023,3
s5023,10
s5025,25
s5026,8
s5026,3
s5026,10
s5029,9
s5029,10
s5032,1
s5032,3
s5032,10
s5034,11
s5034,1
s5034,3
s5035,25
s5038,1
s5038,7
s5040,25
s5041,6
s5041,3
s5041,7
s5042,15
s5043,8
s5043,3
s5043,10
s5045,6
s5045,7
s5048,11
s5048,9
s5051,1
s5051,3
s5051,7
s5052,6
s5052,1
s5052,3
s5054,1
s5054,2
s5054,7
s5056,15
s5056,3
s5057,25
s5059,6
s5059,1
s5059,18
s5060,6
s5061,25
s5063,25
s5065,11
s5065,3
s5067,25
s5068,25
s5072,25
s5073,6
s5074,8
s5074,10
s5075,2
s5075,3
s5075,10
s5077,25
s5078,26
s5080,11
s5080,3
s5080,9
s5081,1
s5081,3
s5081,16
s5082,14
s5082,1
s5082,29
s5084,1
s5084,3
s5085,6
s5085,2
s5087,25
s5089,8
s5089,3
s5089,10
s5092,8
s5092,10
s5093,34
s5093,21
s5093,35
s5094,6
s5094,1
s5094,2
s5097,34
s5097,21
s5101,38
s5101,28
s5102,6
s5102,3
s5103,6
s5103,3
s5103,29
s5105,11
s5105,6
s5105,1
s5107,14
s5107,16
s5108,6
s5108,2
s5109,25
s5111,8
s5111,2
s5111,10
s5112,4
s5112,33
s5114,11
s5114,9
s5115,1
s5115,3
s5115,7
s5116,14
s5116,6
s5117,15
s5118,25
s5122,1
s5122,3
s5122,7
s5123,6
s5123,1
s5123,3
s5124,6
s5124,2
s5125,6
s5125,1
s5125,3
s5128,25
s5130,6
s5130,1
s5131,11
s5131,3
s5132,1
s5132,3
s5132,16
s5134,14
s5134,6
s5134,16
s5135,25
s5136,6
s5136,3
s5136,7
s5137,8
s5137,2
s5138,14
s5138,6
s5143,14
s5144,1
s5144,2
s5144,3
s5145,39
s5145,28
s5147,3
s5147,9
s5147,10
s5149,15
s5152,6
s5152,3
s5154,1
s5154,2
s5154,3
s5159,16
s5161,14
s5161,16
s5162,25
s5163,15
s5164,14
s5164,1
s5164,7
s5165,15
s5168,1
s5168,2
s5172,25
s5173,11
s5173,6
s5173,3
s5175,34
s5175,39
s5177,25
s5178,11
s5178,3
s5180,15
s5182,1
s5184,6
s5184,1
s5184,3
s5187,11
s5187,1
s5187,3
s5188,3
s5188,10
s5189,11
s5189,1
s5189,3
s5190,14
s5190,6
s5191,11
s5191,1
s5191,3
s5197,25
s5198,15
s5199,1
s5199,7
s5199,29
s5200,14
s5200,6
s5202,15
s5203,1
s5203,2
s5204,11
s5204,10
s5205,25
s5208,1
s5208,10
s5212,11
s5213,6
s5213,3
s5213,7
s5214,25
s5215,11
s5215,3
s5218,1
s5218,3
s5218,16
s5219,15
s5219,3
s5221,6
s5221,1
s5221,3
s5223,6
s5223,1
s5223,3
s5224,1
s5224,3
s5225,25
s5227,6
s5227,8
s5228,6
s5228,1
s5228,2
s5229,6
s5229,3
s5229,7
s5230,6
s5230,2
s5230,3
s5231,25
s5235,25
s5236,1
s5236,3
s5236,10
s5239,6
s5239,3
s5242,14
s5242,6
s5249,1
s5249,3
s5250,1
s5250,2
s5250,3
s5253,8
s5253,10
s5256,1
s5256,7
s5261,1
s5261,2
s5261,3
s5262,25
s5265,6
s5265,3
s5266,6
s5266,8
s5266,3
s5267,15
s5267,16
s5268,1
s5268,2
s5268,10
s5269,25
s5270,14
s5271,1
s5274,14
s5274,15
s5277,25
s5278,6
s5280,25
s5283,6
s5283,1
s5284,25
s5291,11
s5291,3
s5293,11
s5293,13
s5293,3
s5294,11
s5294,13
s5294,3
s5295,1
s5295,2
s5297,1
s5297,3
s5297,16
s5301,11
s5301,3
s5303,6
s5303,8
s5304,6
s5304,3
s5304,16
s5305,11
s5305,1
s5305,3
s5307,11
s5307,6
s5307,3
s5309,15
s5309,3
s5310,1
s5310,3
s5310,7
s5311,6
s5311,1
s5311,3
s5312,14
s5312,6
s5313,15
s5313,3
s5314,1
s5314,3
s5315,15
s5315,3
s5316,25
s5317,2
s5317,10
s5318,3
s5318,10
s5319,8
s5319,10
s5320,25
s5323,15
s5323,29
s5324,11
s5324,9
s5326,16
s5326,25
s5327,25
s5329,6
s5330,1
s5331,1
s5331,3
s5332,6
s5332,7
s5333,8
s5333,2
s5334,11
s5335,11
s5335,1
s5335,3
s5338,11
s5338,1
s5338,3
s5341,14
s5342,11
s5342,3
s5342,9
s5343,25
s5344,15
s5344,29
s5345,2
s5345,10
s5347,3
s5347,10
s5352,6
s5352,1
s5352,3
s5354,14
s5354,6
s5359,6
s5359,2
s5359,16
s5360,14
s5360,1
s5360,29
s5362,1
s5362,2
s5362,3
s5365,6
s5365,1
s5365,3
s5369,6
s5369,2
s5369,7
s5370,25
s5372,25
s5373,38
s5374,1
s5374,3
s5375,1
s5375,3
s5375,7
s5376,14
s5376,6
s5378,1
s5378,2
s5379,25
s5380,25
s5382,21
s5382,22
s5382,36
s5386,6
s5386,2
s5388,6
s5388,1
s5388,3
s5389,21
s5389,22
s5389,32
s5390,14
s5390,1
s5390,29
s5392,1
s5392,3
s5392,16
s5395,25
s5397,12
s5397,1
s5397,3
s5399,1
s5399,2
s5399,3
s5401,6
s5401,1
s5401,3
s5403,3
s5403,10
s5409,1
s5409,3
s5412,14
s5412,6
s5416,11
s5416,6
s5416,1
s5417,25
s5418,1
s5418,19
s5420,1
s5420,10
s5421,1
s5421,3
s5421,29
s5424,14
s5424,6
s5425,25
s5429,39
s5430,6
s5430,1
s5430,3
s5431,25
s5432,15
s5433,25
s5436,20
s5436,21
s5436,37
s5441,1
s5441,2
s5441,10
s5442,14
s5442,1
s5442,16
s5443,11
s5443,3
s5444,1
s5444,3
s5447,3
s5447,9
s5447,10
s5448,1
s5448,3
s5448,16
s5449,15
s5450,6
s5450,2
s5451,15
s5452,15
s5453,1
s5453,2
s5453,3
s5454,6
s5454,1
s5454,2
s5455,6
s5455,3
s5455,7
s5456,1
s5456,3
s5456,16
s5461,11
s5461,6
s5461,3
s5462,1
s5462,3
s5462,7
s5463,1
s5463,3
s5464,1
s5464,3
s5464,10
s5467,15
s5469,25
s5470,11
s5470,1
s5470,3
s5473,11
s5473,1
s5473,3
s5474,6
s5474,1
s5475,11
s5475,3
s5475,9
s5477,11
s5477,13
s5477,3
s5479,15
s5479,3
s5479,19
s5481,25
s5482,6
s5482,3
s5482,9
s5483,6
s5483,1
s5483,3
s5484,1
s5484,2
s5484,7
s5486,1
s5486,3
s5486,16
s5487,1
s5487,3
s5488,6
s5490,15
s5491,6
s5491,17
s5491,2
s5492,14
s5493,25
s5494,6
s5496,25
s5497,14
s5497,15
s5498,25
s5499,1
s5499,2
s5499,3
s5500,1
s5500,3
s5500,7
s5501,6
s5501,1
s5501,3
s5502,6
s5502,3
s5503,1
s5503,3
s5503,10
s5505,1
s5505,3
s5505,7
s5506,1
s5506,2
s5506,3
s5507,15
s5507,3
s5508,1
s5508,3
s5512,1
s5513,1
s5513,10
s5516,6
s5516,1
s5516,3
s5517,1
s5517,3
s5518,6
s5518,3
s5519,25
s5523,11
s5523,1
s5523,2
s5525,1
s5525,2
s5525,7
s5526,25
s5527,14
s5527,16
s5528,14
s5528,16
s5529,14
s5529,16
s5530,6
s5530,1
s5530,3
s5531,6
s5531,1
s5531,3
s5532,1
s5532,3
s5532,7
s5533,6
s5533,1
s5533,3
s5534,6
s5535,6
s5535,3
s5535,19
s5536,25
s5537,6
s5540,1
s5540,3
s5540,7
s5541,6
s5541,2
s5541,7
s5544,6
s5544,1
s5544,3
s5545,1
s5546,11
s5546,17
s5546,3
s5547,1
s5547,2
s5548,1
s5548,3
s5550,11
s5550,3
s5550,16
s5551,1
s5551,3
s5552,1
s5552,3
s5553,1
s5553,3
s5553,10
s5556,4
s5556,28
s5557,1
s5557,2
s5557,7
s5558,25
s5560,25
s5561,15
s5562,1
s5563,38
s5563,28
s5565,15
s5566,6
s5566,1
s5566,2
s5569,1
s5569,3
s5569,10
s5571,12
s5571,1
s5571,2
s5572,11
s5572,1
s5572,3
s5573,11
s5573,6
s5573,3
s5574,15
s5574,1
s5574,3
s5575,11
s5575,6
s5575,1
s5577,25
s5578,1
s5578,3
s5578,29
s5580,1
s5580,2
s5582,1
s5582,3
s5582,7
s5583,25
s5585,1
s5585,3
s5585,7
s5587,25
s5588,11
s5588,3
s5589,1
s5589,3
s5590,11
s5590,3
s5591,1
s5591,2
s5591,10
s5595,25
s5596,3
s5596,10
s5597,14
s5597,15
s5598,14
s5598,16
s5600,11
s5600,3
s5601,1
s5601,2
s5601,3
s5605,3
s5605,10
s5606,1
s5606,3
s5607,6
s5607,2
s5608,25
s5611,6
s5611,3
s5611,16
s5614,6
s5614,16
s5614,7
s5615,25
s5616,1
s5617,11
s5617,1
s5617,3
s5618,11
s5618,6
s5618,1
s5619,1
s5619,2
s5619,3
s5620,11
s5620,6
s5620,3
s5621,1
s5621,3
s5621,7
s5622,14
s5622,6
s5623,25
s5624,1
s5624,3
s5625,6
s5625,3
s5626,3
s5626,9
s5626,10
s5627,1
s5627,3
s5628,25
s5629,25
s5630,1
s5630,3
s5631,6
s5632,25
s5633,1
s5633,3
s5633,16
s5634,1
s5634,3
s5635,3
s5635,10
s5636,1
s5636,3
s5638,8
s5638,10
s5639,6
s5639,1
s5639,3
s5640,25
s5642,8
s5642,3
s5642,10
s5643,14
s5643,1
s5644,14
s5645,11
s5645,3
s5646,14
s5646,9
s5647,25
s5648,1
s5648,3
s5648,10
s5649,14
s5649,6
s5650,1
s5650,2
s5650,3
s5652,1
s5652,3
s5653,1
s5653,2
s5653,3
s5657,1
s5657,3
s5658,16
s5658,25
s5660,27
s5661,25
s5662,1
s5664,1
s5665,6
s5665,3
s5667,15
s5667,29
s5675,4
s5675,21
s5675,30
s5677,1
s5677,2
s5677,3
s5679,25
s5680,15
s5682,14
s5682,16
s5683,11
s5683,9
s5686,6
s5686,1
s5686,2
s5688,1
s5688,2
s5688,7
s5689,15
s5689,29
s5690,16
s5690,25
s5692,1
s5692,3
s5692,29
s5694,15
s5695,1
s5695,2
s5697,1
s5697,3
s5698,1
s5699,6
s5699,3
s5702,1
s5702,3
s5702,10
s5703,6
s5703,1
s5703,2
s5705,25
s5706,1
s5706,2
s5706,3
s5707,15
s5707,3
s5709,25
s5710,1
s5710,10
s5711,1
s5711,2
s5711,3
s5712,25
s5713,25
s5714,25
s5715,1
s5715,2
s5715,3
s5718,25
s5719,1
s5719,2
s5719,3
s5720,11
s5720,6
s5722,25
s5725,25
s5727,15
s5734,15
s5736,6
s5736,3
s5736,7
s5737,14
s5737,6
s5738,8
s5738,3
s5738,10
s5739,15
s5740,6
s5740,1
s5740,3
s5741,6
s5741,3
s5743,6
s5743,1
s5743,3
s5744,1
s5744,3
s5746,25
s5747,6
s5747,3
s5747,29
s5748,11
s5748,13
s5748,3
s5749,11
s5749,13
s5749,9
s5750,11
s5750,13
s5750,9
s5751,6
s5751,3
s5751,16
s5755,15
s5756,6
s5757,16
s5759,25
s5761,11
s5761,1
s5761,3
s5762,14
s5762,6
s5765,1
s5766,1
s5766,3
s5768,1
s5768,3
s5771,1
s5771,2
s5771,3
s5773,6
s5773,3
s5773,16
s5774,14
s5774,6
s5775,21
s5775,28
s5775,22
s5777,1
s5777,3
s5779,1
s5779,2
s5779,3
s5780,15
s5780,29
s5781,6
s5781,3
s5785,25
s5793,3
s5793,9
s5793,10
s5794,25
s5797,15
s5797,16
s5809,25
s5810,1
s5810,16
s5811,15
s5811,16
s5816,25
s5817,25
s5818,25
s5819,25
s5820,25
s5821,25
s5825,15
s5827,15
s5829,1
s5829,2
s5831,1
s5831,10
s5832,15
s5833,11
s5834,6
s5834,2
s5834,3
s5835,34
s5835,21
s5836,25
s5838,1
s5838,2
s5838,3
s5840,25
s5841,6
s5841,1
s5841,2
s5842,11
s5842,1
s5842,3
s5843,16
s5843,25
s5847,11
s5847,6
s5848,25
s5849,6
s5852,1
s5852,3
s5853,8
s5853,10
s5858,14
s5858,6
s5859,6
s5859,8
s5860,25
s5861,15
s5861,3
s5862,14
s5862,6
s5862,17
s5865,11
s5865,7
s5866,14
s5866,9
s5869,25
s5873,25
s5874,11
s5874,1
s5874,3
s5875,11
s5875,3
s5876,25
s5877,27
s5879,25
s5880,11
s5880,6
s5881,6
s5881,3
s5882,6
s5882,16
s5884,6
s5884,1
s5884,19
s5885,25
s5887,6
s5887,1
s5887,2
s5888,14
s5889,35
s5889,32
s5889,41
s5890,6
s5890,2
s5891,25
s5892,1
s5892,2
s5893,1
s5893,2
s5893,9
s5895,25
s5897,15
s5897,16
s5898,15
s5899,1
s5899,2
s5899,7
s5900,25
s5902,15
s5902,25
s5904,8
s5904,2
s5904,10
s5905,25
s5906,25
s5908,1
s5908,2
s5908,9
s5910,6
s5910,1
s5910,3
s5912,25
s5913,15
s5913,16
s5914,25
s5916,25
s5917,15
s5918,25
s5922,25
s5925,25
s5928,25
s5929,25
s5931,15
s5932,15
s5932,29
s5935,15
s5936,15
s5936,3
s5937,14
s5937,6
s5937,16
s5938,14
s5938,15
s5938,29
s5939,25
s5942,15
s5943,1
s5944,1
s5945,1
s5946,1
s5947,1
s5947,29
s5948,1
s5949,1
s5950,1
s5951,1
s5951,29
s5952,1
s5953,1
s5953,10
s5954,14
s5954,1
s5954,18
s5955,1
s5955,3
s5956,8
s5957,1
s5957,3
s5958,1
s5958,2
s5958,10
s5959,11
s5959,2
s5959,9
s5960,1
s5961,1
s5962,8
s5962,3
s5963,8
s5963,3
s5963,10
s5964,1
s5964,3
s5964,10
s5966,1
s5966,10
s5967,6
s5967,1
s5967,2
s5969,11
s5969,1
s5969,3
s5970,1
s5970,3
s5971,1
s5971,3
s5974,6
s5974,7
s5976,8
s5976,3
s5977,6
s5977,3
s5978,11
s5978,9
s5980,1
s5980,7
s5981,1
s5981,7
s5981,29
s5982,11
s5986,1
s5986,2
s5986,29
s5988,8
s5988,2
s5988,10
s5989,8
s5989,10
s5991,11
s5991,3
s5992,8
s5992,10
s5993,11
s5994,6
s5995,8
s5995,2
s5995,10
s5996,8
s5996,2
s5997,15
s5997,16
s5999,9
s6000,1
s6000,2
s6001,6
s6003,11
s6003,2
s6003,9
s6004,11
s6005,11
s6005,6
s6005,3
s6006,15
s6007,6
s6007,1
s6009,1
s6009,19
s6010,1
s6010,3
s6010,29
s6012,6
s6012,3
s6013,11
s6013,6
s6014,1
s6014,3
s6015,15
s6016,6
s6016,19
s6018,6
s6018,1
s6018,7
s6019,6
s6019,7
s6020,6
s6020,1
s6020,2
s6021,1
s6021,3
s6022,11
s6022,1
s6022,3
s6023,8
s6023,3
s6023,10
s6024,6
s6024,2
s6024,10
s6025,26
s6026,6
s6026,3
s6026,16
s6028,6
s6029,1
s6029,2
s6029,3
s6030,1
s6030,9
s6031,11
s6031,12
s6031,1
s6032,12
s6032,17
s6032,1
s6033,1
s6033,7
s6034,15
s6034,3
s6035,1
s6036,11
s6036,3
s6036,9
s6037,6
s6037,2
s6040,6
s6040,8
s6041,8
s6041,2
s6042,14
s6042,6
s6042,7
s6043,10
s6047,1
s6047,10
s6050,6
s6050,17
s6051,1
s6051,3
s6052,1
s6052,10
s6053,1
s6053,2
s6053,7
s6054,14
s6054,1
s6054,7
s6055,25
s6056,3
s6056,10
s6057,1
s6057,3
s6058,6
s6058,2
s6059,1
s6059,2
s6060,1
s6060,3
s6061,6
s6061,7
s6062,6
s6063,1
s6063,7
s6064,11
s6064,1
s6064,3
s6066,14
s6069,8
s6070,11
s6070,14
s6070,2
s6071,1
s6071,3
s6071,7
s6072,6
s6072,3
s6073,6
s6073,1
s6073,3
s6074,1
s6074,3
s6075,1
s6075,3
s6076,6
s6076,1
s6076,3
s6077,6
s6077,1
s6077,3
s6079,6
s6079,3
s6079,9
s6080,21
s6080,37
s6080,38
s6081,14
s6081,6
s6082,6
s6082,1
s6082,3
s6083,1
s6083,3
s6084,6
s6084,1
s6084,3
s6085,1
s6085,29
s6086,1
s6086,16
s6086,7
s6087,11
s6088,11
s6088,3
s6089,11
s6091,11
s6091,15
s6091,3
s6092,1
s6092,2
s6092,3
s6093,8
s6093,2
s6093,3
s6094,6
s6098,1
s6098,2
s6099,11
s6099,8
s6100,1
s6104,1
s6104,3
s6104,7
s6105,15
s6107,1
s6107,2
s6107,3
s6108,3
s6108,16
s6108,7
s6110,14
s6111,15
s6111,3
s6111,16
s6112,12
s6112,6
s6112,1
s6113,15
s6114,14
s6114,6
s6114,9
s6116,6
s6116,1
s6116,2
s6117,14
s6118,3
s6118,10
s6119,14
s6119,2
s6120,8
s6120,10
s6121,8
s6122,11
s6123,1
s6124,10
s6125,14
s6126,14
s6129,6
s6129,7
s6130,6
s6130,1
s6130,3
s6131,11
s6131,12
s6131,6
s6132,1
s6132,3
s6134,15
s6135,11
s6136,1
s6139,15
s6141,15
s6142,10
s6143,11
s6143,1
s6144,1
s6145,1
s6145,2
s6146,15
s6146,29
s6148,6
s6148,17
s6148,1
s6149,1
s6150,15
s6150,3
s6150,16
s6152,14
s6153,14
s6154,14
s6155,14
s6156,1
s6156,3
s6158,1
s6158,18
s6159,6
s6159,1
s6159,3
s6160,1
s6160,2
s6160,3
s6161,6
s6161,1
s6161,19
s6163,1
s6163,2
s6164,1
s6164,7
s6165,6
s6166,1
s6166,2
s6166,3
s6169,1
s6169,3
s6169,10
s6170,14
s6171,1
s6171,2
s6171,3
s6172,11
s6172,6
s6172,9
s6173,6
s6173,3
s6176,11
s6176,8
s6177,1
s6177,2
s6177,3
s6180,15
s6181,8
s6181,9
s6181,10
s6182,11
s6182,6
s6182,3
s6183,1
s6183,2
s6184,6
s6184,1
s6184,3
s6185,6
s6185,1
s6185,3
s6186,6
s6186,7
s6187,14
s6187,6
s6188,8
s6188,10
s6189,6
s6189,7
s6190,8
s6190,9
s6190,10
s6191,11
s6191,1
s6191,3
s6192,15
s6192,29
s6193,1
s6193,9
s6194,6
s6194,3
s6194,7
s6196,15
s6196,3
s6197,6
s6197,2
s6197,3
s6198,15
s6200,3
s6200,9
s6200,10
s6201,11
s6201,9
s6202,15
s6202,3
s6202,16
s6203,1
s6203,3
s6203,29
s6204,1
s6204,2
s6204,3
s6205,1
s6205,3
s6206,1
s6206,2
s6208,6
s6208,1
s6208,3
s6209,8
s6209,2
s6209,10
s6210,1
s6210,2
s6210,10
s6211,1
s6211,10
s6212,11
s6212,6
s6213,11
s6213,6
s6215,10
s6216,15
s6216,16
s6218,1
s6218,3
s6219,1
s6221,14
s6221,1
s6222,14
s6223,14
s6224,3
s6224,7
s6225,6
s6225,3
s6225,7
s6226,6
s6226,1
s6226,2
s6227,11
s6227,6
s6227,2
s6228,11
s6228,3
s6230,1
s6230,3
s6231,6
s6231,3
s6231,7
s6232,15
s6232,3
s6232,29
s6233,1
s6233,3
s6235,14
s6236,14
s6237,14
s6238,14
s6239,14
s6240,14
s6241,14
s6242,14
s6243,14
s6244,14
s6245,11
s6245,6
s6246,6
s6246,3
s6247,11
s6247,3
s6247,16
s6248,6
s6248,29
s6249,12
s6249,10
s6252,15
s6252,16
s6255,12
s6255,6
s6255,1
s6256,1
s6256,2
s6256,3
s6257,15
s6258,6
s6258,1
s6258,7
s6261,6
s6261,3
s6267,6
s6267,17
s6268,6
s6269,6
s6269,1
s6269,3
s6270,6
s6270,3
s6271,1
s6271,7
s6272,14
s6272,6
s6273,15
s6275,15
s6275,19
s6275,16
s6278,1
s6278,3
s6278,7
s6279,15
s6279,3
s6279,29
s6281,1
s6281,2
s6281,3
s6283,2
s6283,10
s6284,14
s6284,1
s6285,14
s6286,6
s6286,3
s6286,29
s6289,15
s6290,1
s6290,3
s6290,7
s6291,6
s6291,3
s6291,7
s6293,15
s6293,3
s6293,29
s6294,1
s6294,2
s6294,3
s6297,6
s6297,3
s6297,7
s6299,1
s6299,3
s6299,10
s6300,8
s6300,3
s6300,10
s6301,1
s6301,2
s6301,3
s6303,6
s6304,6
s6306,14
s6306,6
s6307,11
s6308,15
s6309,14
s6309,6
s6310,15
s6310,16
s6311,25
s6312,1
s6312,2
s6312,3
s6313,15
s6313,18
s6314,1
s6314,3
s6315,1
s6315,3
s6315,19
s6316,6
s6316,2
s6316,3
s6317,6
s6317,1
s6317,2
s6318,11
s6318,6
s6318,3
s6320,20
s6320,21
s6320,22
s6321,6
s6321,1
s6321,3
s6322,1
s6323,11
s6323,1
s6326,11
s6326,9
s6327,11
s6328,1
s6328,2
s6329,1
s6329,3
s6329,10
s6331,10
s6332,1
s6332,2
s6332,16
s6333,1
s6333,29
s6334,14
s6335,6
s6335,2
s6335,3
s6337,11
s6337,3
s6338,1
s6339,1
s6339,2
s6339,3
s6340,6
s6340,1
s6340,2
s6341,6
s6343,2
s6343,10
s6344,11
s6344,6
s6345,1
s6345,2
s6345,7
s6347,15
s6349,14
s6350,15
s6351,12
s6351,1
s6351,3
s6352,15
s6352,3
s6352,29
s6354,1
s6354,2
s6354,9
s6355,14
s6355,6
s6356,15
s6357,6
s6357,3
s6359,11
s6359,12
s6359,1
s6360,11
s6360,1
s6360,3
s6363,15
s6363,29
s6364,15
s6364,3
s6366,1
s6366,2
s6366,10
s6367,14
s6368,6
s6368,7
s6370,1
s6370,7
s6370,29
s6371,14
s6371,6
s6372,20
s6372,33
s6373,6
s6373,2
s6375,15
s6375,3
s6375,19
s6376,1
s6376,29
s6377,2
s6377,10
s6378,6
s6380,1
s6380,10
s6381,11
s6381,3
s6383,14
s6383,6
s6384,14
s6384,6
s6385,14
s6385,6
s6387,11
s6387,3
s6389,2
s6389,10
s6391,1
s6391,7
s6393,1
s6393,2
s6393,3
s6395,11
s6395,2
s6396,12
s6396,1
s6396,7
s6397,1
s6397,2
s6397,3
s6398,8
s6398,10
s6400,1
s6400,3
s6400,29
s6401,6
s6401,3
s6401,7
s6403,6
s6403,1
s6403,3
s6404,1
s6404,3
s6409,20
s6409,23
s6409,24
s6410,6
s6410,1
s6411,14
s6411,6
s6411,1
s6413,1
s6413,2
s6415,6
s6415,7
s6416,17
s6416,8
s6419,6
s6419,1
s6419,3
s6420,1
s6420,3
s6422,1
s6422,3
s6423,1
s6423,19
s6423,7
s6424,12
s6424,17
s6424,8
s6425,8
s6425,9
s6425,10
s6426,6
s6428,11
s6429,11
s6429,1
s6429,3
s6430,11
s6430,1
s6430,3
s6432,12
s6432,1
s6434,14
s6434,6
s6436,11
s6436,3
s6436,10
s6437,15
s6437,3
s6438,1
s6439,1
s6439,18
s6439,3
s6440,6
s6440,1
s6440,3
s6441,6
s6441,3
s6441,7
s6442,6
s6442,1
s6442,3
s6443,15
s6443,3
s6444,1
s6445,1
s6445,3
s6445,7
s6446,1
s6447,14
s6447,6
s6448,11
s6448,6
s6449,14
s6449,12
s6450,6
s6450,3
s6450,16
s6451,6
s6451,17
s6451,1
s6453,11
s6453,1
s6453,3
s6454,15
s6454,16
s6455,1
s6455,2
s6455,3
s6459,8
s6459,10
s6465,14
s6466,6
s6466,3
s6467,14
s6467,6
s6468,6
s6468,1
s6468,3
s6469,17
s6469,8
s6471,11
s6471,3
s6473,1
s6473,2
s6473,3
s6474,14
s6474,12
s6474,6
s6475,2
s6475,10
s6476,15
s6476,16
s6477,6
s6477,18
s6477,7
s6479,6
s6479,7
s6480,14
s6480,1
s6480,7
s6481,14
s6481,6
s6482,14
s6482,6
s6482,1
s6483,1
s6483,3
s6483,10
s6485,6
s6485,3
s6486,12
s6486,6
s6486,3
s6487,11
s6487,8
s6487,9
s6489,1
s6489,2
s6489,3
s6490,1
s6490,3
s6490,10
s6492,15
s6492,16
s6493,11
s6493,9
s6494,1
s6495,6
s6497,11
s6497,12
s6498,6
s6498,9
s6500,15
s6500,16
s6501,1
s6501,10
s6502,11
s6502,17
s6502,1
s6503,1
s6503,3
s6504,11
s6504,8
s6504,9
s6511,1
s6511,29
s6512,11
s6512,6
s6513,6
s6513,2
s6513,3
s6516,6
s6516,1
s6516,2
s6517,1
s6517,2
s6517,3
s6518,1
s6518,3
s6519,1
s6519,10
s6523,11
s6523,1
s6523,3
s6524,1
s6524,10
s6527,1
s6527,2
s6527,19
s6528,8
s6528,3
s6528,10
s6529,15
s6529,29
s6530,1
s6530,3
s6530,10
s6531,11
s6531,1
s6531,2
s6534,12
s6534,1
s6535,14
s6535,6
s6537,14
s6538,1
s6538,10
s6540,15
s6540,18
s6540,16
s6541,1
s6541,2
s6542,6
s6542,1
s6542,2
s6544,11
s6544,3
s6544,7
s6545,8
s6546,15
s6547,11
s6547,1
s6547,3
s6548,8
s6548,3
s6549,1
s6551,14
s6551,6
s6552,1
s6552,2
s6552,19
s6553,11
s6553,8
s6553,3
s6554,1
s6554,3
s6555,1
s6555,2
s6555,3
s6556,1
s6556,2
s6556,19
s6558,1
s6558,3
s6559,1
s6559,2
s6559,3
s6562,15
s6562,16
s6563,11
s6565,1
s6565,3
s6565,10
s6566,1
s6566,10
s6567,1
s6567,3
s6567,10
s6568,8
s6568,3
s6568,10
s6570,1
s6570,3
s6571,12
s6571,1
s6571,2
s6574,1
s6574,2
s6575,6
s6575,3
s6576,15
s6577,6
s6578,2
s6578,3
s6578,10
s6579,1
s6579,10
s6580,6
s6580,1
s6580,2
s6581,6
s6581,1
s6581,2
s6582,14
s6582,6
s6583,6
s6583,7
s6584,6
s6585,8
s6586,3
s6586,29
s6589,3
s6589,10
s6590,15
s6591,8
s6591,10
s6593,11
s6594,25
s6596,8
s6596,10
s6597,11
s6597,3
s6598,10
s6599,10
s6600,1
s6600,3
s6601,8
s6601,9
s6601,10
s6603,1
s6603,3
s6605,11
s6605,6
s6605,3
s6606,11
s6606,3
s6606,9
s6607,15
s6609,1
s6609,3
s6610,11
s6611,1
s6611,3
s6611,16
s6613,6
s6615,11
s6615,3
s6616,15
s6617,10
s6618,11
s6618,3
s6618,9
s6620,12
s6620,1
s6620,7
s6621,1
s6621,10
s6622,14
s6623,14
s6623,1
s6624,3
s6624,10
s6625,6
s6625,2
s6626,6
s6627,8
s6628,11
s6628,15
s6628,3
s6629,11
s6629,15
s6629,3
s6630,11
s6630,15
s6630,3
s6631,8
s6631,3
s6632,15
s6632,3
s6633,6
s6633,1
s6633,2
s6634,1
s6634,10
s6635,11
s6635,8
s6635,9
s6637,11
s6637,6
s6637,3
s6638,1
s6638,18
s6640,14
s6640,6
s6641,14
s6641,6
s6642,11
s6642,9
s6643,11
s6643,9
s6644,11
s6644,9
s6645,11
s6645,9
s6648,15
s6650,15
s6650,3
s6654,1
s6654,2
s6654,3
s6655,11
s6655,1
s6655,3
s6656,6
s6657,15
s6658,14
s6658,9
s6662,1
s6663,6
s6663,7
s6665,1
s6665,7
s6666,25
s6667,1
s6667,3
s6667,7
s6668,1
s6668,3
s6669,1
s6669,2
s6669,3
s6670,1
s6670,3
s6670,10
s6671,11
s6676,15
s6676,3
s6681,3
s6681,9
s6683,1
s6683,9
s6684,15
s6684,3
s6687,15
s6688,8
s6688,10
s6689,1
s6689,3
s6690,1
s6690,3
s6690,16
s6693,6
s6693,7
s6695,1
s6695,2
s6695,3
s6697,11
s6699,2
s6699,10
s6700,15
s6701,1
s6701,2
s6701,7
s6702,11
s6702,12
s6703,1
s6703,7
s6703,9
s6704,11
s6704,1
s6704,9
s6705,6
s6705,1
s6705,2
s6706,6
s6706,17
s6706,3
s6707,1
s6707,3
s6707,7
s6709,1
s6709,3
s6709,19
s6711,14
s6711,6
s6711,18
s6712,8
s6712,9
s6713,1
s6713,2
s6713,10
s6714,1
s6714,3
s6714,10
s6716,6
s6716,9
s6717,1
s6717,2
s6717,3
s6720,11
s6722,6
s6722,7
s6723,11
s6724,11
s6724,1
s6724,2
s6726,6
s6726,3
s6727,6
s6727,3
s6727,7
s6728,6
s6728,3
s6730,6
s6730,7
s6731,1
s6731,2
s6734,11
s6734,1
s6734,3
s6735,6
s6736,10
s6737,1
s6737,2
s6737,3
s6739,10
s6740,1
s6740,2
s6740,3
s6741,6
s6741,3
s6743,4
s6743,20
s6743,22
s6744,6
s6744,17
s6744,1
s6746,15
s6747,12
s6747,1
s6747,16
s6748,1
s6748,3
s6749,14
s6749,6
s6750,15
s6752,15
s6753,1
s6753,3
s6754,17
s6754,8
s6754,10
s6755,8
s6755,10
s6756,8
s6757,15
s6757,3
s6758,1
s6758,2
s6758,3
s6759,6
s6759,7
s6760,11
s6761,8
s6761,3
s6763,15
s6766,11
s6766,3
s6768,1
s6769,6
s6769,3
s6770,1
s6770,2
s6770,16
s6772,11
s6772,3
s6773,15
s6773,3
s6777,1
s6779,1
s6779,3
s6780,6
s6781,15
s6782,14
s6784,15
s6784,3
s6784,19
s6785,11
s6785,12
s6785,9
s6791,6
s6791,7
s6793,12
s6793,6
s6793,3
s6794,1
s6794,10
s6795,6
s6795,1
s6795,2
s6797,6
s6797,1
s6797,2
s6798,14
s6798,6
s6799,14
s6799,1
s6800,15
s6801,6
s6801,3
s6802,1
s6802,2
s6803,1
s6803,18
s6805,8
s6806,8
s6806,3
s6808,14
s6808,6
s6808,1
s6809,11
s6809,3
s6810,15
s6810,3
s6810,29
s6811,4
s6811,33
s6811,21
s6814,1
s6814,2
s6815,14
s6815,1
s6815,29
s6817,11
s6817,1
s6817,3
s6818,1
s6818,10
s6819,14
s6819,6
s6820,1
s6820,2
s6820,3
s6822,1
s6822,3
s6824,1
s6824,3
s6824,7
s6827,1
s6829,14
s6829,1
s6829,29
s6830,14
s6830,1
s6830,29
s6831,8
s6831,10
s6832,1
s6832,3
s6833,1
s6838,14
s6838,6
s6839,39
s6839,28
s6840,6
s6840,16
s6841,14
s6841,6
s6843,11
s6843,6
s6844,6
s6844,7
s6845,11
s6845,1
s6845,3
s6846,8
s6847,11
s6847,13
s6847,3
s6848,11
s6848,9
s6849,11
s6849,13
s6849,3
s6851,11
s6851,13
s6851,3
s6852,11
s6852,1
s6852,3
s6853,1
s6853,3
s6854,12
s6854,6
s6854,16
s6855,1
s6855,2
s6856,6
s6856,3
s6859,14
s6859,1
s6859,18
s6860,15
s6861,11
s6861,3
s6862,1
s6862,18
s6863,1
s6863,18
s6864,1
s6864,2
s6864,3
s6865,12
s6865,6
s6865,3
s6867,11
s6868,1
s6870,10
s6871,6
s6871,3
s6873,2
s6874,21
s6874,22
s6874,41
s6875,6
s6875,2
s6876,1
s6877,6
s6877,1
s6877,2
s6878,1
s6878,3
s6879,1
s6880,11
s6880,10
s6881,12
s6881,1
s6882,1
s6882,2
s6883,6
s6883,29
s6884,14
s6884,6
s6885,6
s6885,1
s6885,3
s6887,8
s6887,10
s6888,1
s6888,2
s6888,3
s6889,1
s6892,6
s6892,3
s6892,16
s6893,6
s6893,2
s6894,12
s6894,6
s6894,16
s6897,8
s6897,10
s6898,6
s6898,2
s6898,3
s6903,15
s6903,3
s6904,6
s6904,3
s6905,6
s6905,3
s6906,6
s6906,3
s6909,6
s6909,3
s6909,7
s6910,14
s6910,6
s6910,16
s6911,11
s6911,13
s6911,9
s6912,11
s6912,9
s6913,1
s6913,3
s6913,16
s6914,11
s6914,1
s6915,6
s6915,3
s6916,10
s6917,15
s6919,3
s6919,16
s6921,8
s6921,2
s6922,6
s6922,3
s6922,7
s6925,1
s6925,2
s6926,11
s6926,3
s6926,9
s6928,6
s6928,17
s6929,6
s6929,17
s6930,15
s6932,14
s6932,6
s6934,15
s6934,29
s6935,15
s6937,11
s6937,6
s6937,1
s6940,8
s6940,2
s6941,15
s6941,3
s6943,8
s6943,10
s6944,11
s6945,15
s6946,8
s6946,10
s6947,8
s6947,2
s6948,1
s6948,2
s6948,19
s6949,15
s6950,6
s6950,7
s6951,10
s6953,14
s6955,11
s6955,6
s6955,2
s6957,1
s6957,2
s6958,11
s6958,17
s6958,9
s6959,1
s6959,7
s6959,9
s6960,1
s6961,11
s6961,6
s6961,1
s6962,8
s6963,11
s6963,3
s6965,11
s6967,8
s6967,3
s6967,10
s6968,3
s6968,10
s6973,15
s6974,8
s6974,3
s6974,10
s6976,1
s6976,3
s6978,6
s6978,7
s6981,1
s6981,3
s6981,7
s6983,6
s6983,1
s6983,3
s6984,1
s6984,3
s6984,19
s6985,6
s6985,8
s6987,6
s6987,18
s6987,3
s6988,6
s6988,18
s6988,3
s6989,1
s6989,3
s6991,1
s6991,7
s6992,1
s6993,14
s6993,6
s6994,14
s6994,6
s6994,1
s6995,1
s6996,15
s6996,3
s6996,29
s6998,1
s6998,8
s6998,9
s7000,8
s7000,3
s7003,1
s7004,6
s7005,6
s7005,2
s7006,6
s7006,29
s7008,12
s7008,1
s7008,3
s7009,14
s7009,6
s7010,8
s7010,10
s7011,15
s7012,6
s7012,2
s7012,3
s7013,15
s7013,16
s7014,14
s7014,6
s7015,6
s7016,6
s7019,1
s7019,7
s7021,1
s7021,3
s7022,11
s7022,9
s7023,1
s7023,3
s7023,16
s7024,3
s7024,16
s7024,7
s7026,8
s7026,2
s7026,3
s7027,11
s7028,11
s7028,2
s7031,6
s7031,2
s7031,19
s7032,6
s7032,2
s7032,19
s7033,1
s7033,2
s7033,16
s7035,8
s7035,3
s7035,10
s7036,1
s7036,2
s7036,3
s7037,15
s7037,29
s7038,15
s7039,15
s7041,6
s7041,1
s7041,3
s7043,11
s7044,11
s7044,1
s7045,6
s7047,6
s7047,3
s7047,7
s7048,1
s7048,2
s7049,6
s7049,1
s7049,2
s7050,1
s7050,18
s7050,7
s7052,15
s7052,3
s7052,29
s7053,11
s7053,3
s7053,9
s7054,6
s7054,3
s7054,7
s7056,14
s7057,25
s7058,14
s7058,6
s7058,9
s7059,1
s7059,3
s7059,7
s7061,11
s7061,1
s7062,8
s7062,3
s7062,10
s7063,1
s7063,3
s7063,7
s7064,11
s7064,9
s7065,1
s7065,3
s7065,7
s7066,10
s7068,14
s7068,6
s7069,1
s7069,2
s7069,3
s7071,11
s7071,14
s7071,9
s7072,11
s7072,14
s7072,12
s7073,11
s7073,14
s7073,12
s7074,11
s7074,14
s7074,12
s7075,1
s7075,10
s7076,15
s7078,11
s7079,11
s7079,14
s7079,9
s7080,11
s7080,1
s7080,3
s7085,6
s7085,1
s7085,3
s7087,6
s7088,1
s7088,3
s7088,9
s7089,11
s7089,13
s7089,3
s7090,11
s7090,13
s7090,3
s7091,11
s7091,13
s7091,3
s7092,1
s7092,29
s7094,1
s7094,2
s7094,3
s7095,1
s7095,2
s7095,3
s7096,6
s7096,1
s7096,3
s7097,15
s7097,29
s7098,14
s7098,9
s7100,1
s7100,3
s7100,7
s7103,1
s7103,3
s7103,16
s7104,14
s7104,6
s7106,6
s7106,3
s7106,7
s7107,6
s7107,3
s7107,16
s7108,15
s7108,29
s7110,1
s7110,3
s7110,7
s7111,14
s7111,16
s7113,20
s7113,21
s7113,22
s7114,1
s7114,10
s7115,6
s7115,1
s7115,3
s7116,1
s7116,3
s7118,1
s7118,2
s7118,3
s7119,1
s7119,2
s7119,3
s7120,6
s7120,1
s7120,3
s7122,6
s7122,17
s7123,1
s7123,3
s7123,7
s7125,15
s7127,1
s7127,16
s7128,15
s7128,18
s7129,15
s7129,19
s7131,15
s7131,16
s7133,15
s7137,11
s7137,9
s7138,3
s7138,10
s7140,1
s7140,2
s7140,9
s7141,4
s7141,22
s7141,31
s7142,11
s7142,3
s7145,6
s7145,3
s7145,7
s7146,14
s7146,6
s7148,6
s7148,1
s7150,6
s7150,7
s7151,6
s7151,1
s7151,2
s7152,11
s7152,9
s7153,6
s7153,7
s7154,11
s7154,6
s7154,3
s7155,15
s7155,16
s7157,11
s7157,1
s7159,1
s7159,3
s7160,1
s7160,3
s7160,7
s7161,11
s7161,1
s7161,3
s7162,1
s7162,3
s7163,11
s7163,1
s7163,3
s7164,1
s7164,3
s7164,7
s7165,14
s7165,1
s7166,1
s7166,3
s7166,16
s7167,10
s7168,1
s7168,2
s7168,3
s7170,3
s7170,16
s7170,7
s7171,6
s7171,7
s7172,6
s7172,1
s7172,2
s7173,25
s7174,1
s7174,3
s7175,6
s7175,1
s7175,3
s7176,33
s7179,25
s7180,25
s7181,25
s7182,15
s7182,19
s7184,11
s7184,1
s7184,3
s7187,6
s7187,1
s7187,3
s7189,12
s7189,6
s7189,1
s7190,6
s7190,3
s7190,16
s7191,1
s7191,2
s7191,3
s7192,11
s7193,11
s7194,6
s7194,2
s7194,7
s7195,1
s7195,3
s7195,29
s7196,11
s7196,1
s7196,3
s7198,11
s7199,11
s7200,11
s7200,2
s7200,9
s7201,15
s7201,3
s7202,11
s7203,11
s7203,1
s7203,2
s7204,6
s7204,17
s7204,8
s7205,11
s7205,6
s7205,7
s7206,11
s7206,1
s7206,3
s7207,1
s7207,2
s7207,10
s7208,1
s7208,2
s7209,11
s7209,6
s7211,6
s7211,17
s7211,29
s7212,1
s7213,6
s7213,3
s7214,10
s7217,6
s7217,8
s7217,3
s7219,8
s7219,10
s7220,12
s7220,15
s7221,9
s7221,10
s7222,15
s7224,11
s7224,1
s7224,3
s7225,3
s7225,7
s7226,6
s7226,3
s7226,10
s7231,14
s7235,1
s7235,2
s7237,8
s7238,6
s7238,1
s7239,1
s7239,2
s7239,3
s7240,11
s7240,6
s7240,17
s7241,14
s7241,6
s7242,14
s7242,6
s7243,11
s7243,6
s7243,3
s7245,15
s7245,16
s7247,6
s7247,1
s7247,3
s7248,1
s7248,3
s7248,7
s7249,16
s7250,3
s7250,7
s7251,6
s7251,3
s7253,12
s7253,1
s7253,16
s7254,6
s7254,3
s7259,20
s7259,21
s7259,24
s7260,1
s7260,3
s7260,10
s7261,8
s7261,3
s7262,11
s7263,9
s7263,10
s7266,1
s7266,3
s7268,11
s7270,1
s7270,2
s7270,19
s7271,11
s7272,1
s7272,2
s7272,7
s7273,15
s7273,3
s7273,29
s7275,6
s7275,7
s7276,14
s7277,27
s7278,27
s7281,6
s7281,8
s7281,3
s7282,11
s7282,18
s7282,9
s7283,14
s7284,11
s7284,3
s7284,9
s7285,11
s7285,17
s7285,3
s7287,11
s7287,8
s7287,9
s7289,39
s7293,14
s7293,6
s7295,12
s7295,15
s7296,21
s7296,23
s7296,28
s7297,6
s7297,19
s7299,6
s7299,8
s7299,2
s7303,8
s7303,2
s7303,10
s7304,11
s7304,3
s7305,1
s7305,18
s7306,12
s7306,1
s7306,3
s7307,1
s7307,10
s7309,1
s7310,11
s7310,3
s7312,11
s7312,3
s7312,7
s7314,14
s7314,6
s7315,14
s7315,6
s7316,1
s7316,2
s7317,6
s7321,6
s7321,1
s7321,2
s7323,10
s7324,15
s7327,11
s7327,6
s7327,2
s7328,1
s7328,2
s7329,11
s7329,3
s7329,9
s7330,1
s7330,2
s7330,3
s7331,11
s7331,12
s7331,17
s7333,12
s7333,1
s7333,7
s7334,4
s7334,20
s7334,21
s7335,15
s7335,3
s7335,16
s7336,11
s7336,6
s7336,3
s7337,6
s7337,3
s7338,1
s7338,3
s7338,29
s7345,6
s7345,7
s7346,6
s7346,1
s7346,3
s7347,6
s7347,3
s7347,7
s7348,11
s7348,6
s7348,3
s7351,1
s7351,10
s7352,6
s7352,3
s7352,7
s7353,6
s7353,3
s7353,7
s7355,6
s7355,3
s7355,7
s7357,1
s7357,2
s7357,19
s7358,1
s7358,3
s7359,15
s7359,3
s7359,29
s7361,1
s7361,3
s7361,7
s7362,8
s7362,3
s7362,10
s7363,6
s7363,3
s7363,29
s7364,3
s7364,10
s7365,1
s7365,3
s7366,6
s7367,8
s7367,3
s7368,11
s7368,12
s7368,17
s7370,6
s7371,17
s7371,8
s7372,1
s7372,3
s7373,1
s7373,2
s7373,3
s7374,15
s7375,3
s7375,10
s7376,39
s7376,28
s7378,14
s7379,11
s7379,15
s7379,3
s7380,14
s7380,15
s7380,3
s7381,11
s7381,1
s7381,3
s7385,6
s7385,3
s7387,6
s7387,3
s7387,16
s7388,1
s7388,3
s7388,16
s7389,1
s7389,3
s7390,8
s7391,11
s7391,1
s7392,6
s7392,3
s7392,7
s7394,1
s7394,2
s7394,3
s7395,1
s7395,3
s7395,7
s7396,1
s7396,2
s7397,1
s7397,2
s7398,6
s7398,2
s7398,7
s7399,15
s7399,3
s7400,6
s7400,1
s7400,3
s7401,1
s7401,2
s7401,3
s7402,1
s7402,2
s7402,3
s7403,8
s7403,10
s7404,11
s7408,1
s7408,2
s7408,3
s7410,33
s7410,42
s7410,22
s7411,11
s7411,3
s7412,25
s7413,15
s7413,18
s7416,11
s7416,9
s7417,13
s7417,14
s7418,14
s7418,16
s7420,1
s7420,2
s7420,3
s7421,11
s7421,3
s7422,1
s7422,2
s7422,3
s7423,6
s7423,1
s7423,3
s7424,1
s7424,2
s7425,1
s7425,3
s7426,6
s7426,3
s7426,16
s7427,15
s7429,6
s7429,3
s7429,7
s7430,6
s7430,1
s7430,3
s7431,1
s7431,2
s7431,10
s7432,12
s7432,1
s7432,2
s7433,1
s7434,8
s7434,3
s7434,10
s7438,1
s7438,3
s7438,7
s7440,6
s7440,1
s7440,2
s7441,1
s7441,3
s7441,10
s7443,11
s7443,6
s7443,9
s7444,11
s7444,6
s7444,9
s7445,1
s7445,2
s7446,11
s7446,1
s7446,3
s7449,6
s7449,3
s7451,6
s7451,3
s7451,9
s7452,11
s7452,1
s7452,3
s7453,14
s7453,6
s7455,11
s7455,9
s7457,1
s7457,2
s7457,19
s7459,1
s7459,3
s7461,14
s7461,1
s7461,29
s7462,14
s7462,6
s7463,1
s7463,3
s7463,16
s7465,13
s7466,1
s7466,3
s7467,7
s7470,15
s7470,16
s7471,1
s7471,2
s7473,11
s7473,1
s7474,6
s7474,3
s7474,7
s7475,1
s7475,2
s7476,1
s7476,2
s7476,3
s7477,11
s7477,8
s7477,2
s7478,1
s7478,2
s7478,10
s7479,1
s7479,3
s7480,1
s7482,1
s7483,10
s7485,11
s7485,6
s7487,14
s7487,6
s7488,6
s7488,3
s7489,14
s7490,14
s7491,14
s7491,16
s7492,14
s7493,14
s7494,14
s7495,14
s7496,14
s7497,14
s7498,14
s7500,14
s7501,14
s7502,14
s7504,6
s7504,7
s7507,1
s7507,2
s7507,9
s7508,1
s7508,2
s7508,19
s7509,11
s7509,6
s7509,3
s7510,1
s7510,2
s7510,3
s7511,1
s7511,2
s7511,3
s7513,1
s7513,3
s7514,14
s7514,6
s7516,6
s7517,1
s7518,6
s7518,7
s7519,15
s7519,3
s7520,6
s7520,1
s7520,3
s7521,6
s7523,6
s7523,3
s7524,1
s7524,2
s7525,6
s7525,3
s7525,7
s7526,14
s7527,14
s7527,6
s7528,6
s7528,17
s7528,8
s7531,11
s7531,12
s7531,1
s7532,14
s7532,6
s7533,1
s7533,2
s7533,3
s7534,1
s7534,18
s7535,6
s7535,3
s7536,6
s7536,2
s7537,6
s7537,7
s7540,6
s7540,1
s7540,3
s7542,14
s7542,6
s7543,14
s7543,6
s7545,11
s7545,6
s7545,3
s7546,15
s7547,1
s7549,11
s7549,1
s7549,3
s7550,1
s7550,7
s7553,8
s7553,3
s7554,6
s7554,29
s7556,8
s7558,11
s7558,6
s7558,3
s7559,1
s7559,2
s7560,11
s7560,13
s7560,3
s7561,25
s7564,15
s7565,11
s7565,14
s7566,1
s7566,3
s7567,6
s7568,1
s7568,2
s7578,1
s7578,3
s7579,1
s7579,18
s7580,14
s7580,6
s7582,11
s7582,9
s7583,11
s7583,1
s7583,3
s7584,1
s7584,2
s7585,1
s7585,2
s7585,10
s7586,1
s7586,2
s7586,10
s7588,1
s7588,7
s7591,6
s7591,3
s7592,6
s7592,1
s7592,3
s7593,6
s7593,7
s7595,14
s7596,14
s7597,14
s7597,6
s7601,15
s7602,15
s7603,15
s7604,15
s7605,15
s7606,15
s7608,15
s7609,15
s7612,15
s7613,15
s7614,15
s7615,15
s7616,15
s7619,27
s7620,1
s7620,10
s7621,1
s7622,15
s7622,16
s7623,1
s7631,1
s7631,2
s7631,3
s7632,1
s7632,2
s7632,3
s7634,15
s7634,3
s7634,16
s7635,6
s7635,1
s7635,2
s7636,15
s7636,3
s7637,11
s7637,9
s7638,11
s7638,12
s7638,6
s7639,11
s7639,6
s7640,11
s7640,6
s7642,6
s7642,3
s7643,11
s7644,6
s7644,8
s7644,3
s7645,6
s7645,8
s7645,3
s7649,33
s7651,6
s7651,3
s7651,7
s7652,11
s7652,3
s7653,15
s7653,18
s7654,1
s7654,3
s7655,15
s7655,16
s7656,15
s7656,16
s7657,15
s7657,16
s7659,1
s7659,3
s7660,11
s7660,12
s7660,3
s7661,1
s7661,3
s7661,7
s7662,15
s7662,16
s7664,1
s7666,1
s7666,3
s7666,16
s7668,17
s7668,2
s7668,10
s7669,15
s7669,3
s7670,14
s7670,6
s7671,11
s7671,1
s7671,3
s7673,11
s7673,3
s7677,11
s7677,3
s7678,6
s7678,1
s7678,2
s7679,11
s7679,3
s7681,6
s7681,1
s7681,3
s7682,1
s7682,2
s7682,3
s7683,1
s7683,3
s7684,15
s7684,3
s7685,8
s7685,10
s7687,11
s7688,8
s7688,3
s7689,6
s7689,2
s7689,3
s7691,1
s7691,7
s7692,1
s7692,3
s7695,11
s7695,3
s7696,11
s7696,1
s7697,1
s7698,1
s7698,3
s7701,1
s7701,3
s7701,7
s7702,10
s7703,6
s7703,1
s7703,3
s7704,1
s7704,2
s7704,7
s7705,8
s7705,10
s7707,1
s7707,3
s7707,7
s7708,1
s7708,2
s7708,3
s7712,11
s7713,1
s7713,3
s7713,29
s7715,11
s7716,6
s7716,3
s7716,7
s7717,11
s7717,6
s7718,1
s7718,3
s7720,6
s7720,3
s7721,6
s7721,8
s7721,3
s7723,27
s7724,1
s7724,3
s7725,14
s7725,6
s7725,7
s7727,1
s7727,19
s7728,15
s7729,10
s7731,1
s7731,3
s7731,10
s7732,15
s7733,14
s7733,6
s7735,11
s7735,1
s7735,3
s7736,12
s7736,1
s7736,19
s7737,3
s7737,7
s7738,8
s7738,3
s7739,6
s7739,3
s7739,7
s7740,1
s7740,2
s7740,3
s7742,7
s7743,1
s7743,2
s7743,3
s7745,1
s7745,3
s7745,16
s7746,1
s7746,3
s7747,1
s7747,2
s7747,3
s7749,4
s7749,33
s7749,21
s7750,11
s7750,9
s7751,1
s7751,3
s7752,11
s7752,12
s7752,1
s7753,1
s7755,15
s7755,18
s7755,3
s7756,11
s7756,14
s7756,6
s7758,1
s7758,2
s7758,7
s7759,1
s7759,2
s7759,19
s7779,27
s7789,14
s7790,1
s7790,2
s7790,3
s7792,3
s7792,7
s7793,15
s7794,1
s7794,10
s7795,6
s7795,3
s7795,7
s7797,1
s7797,2
s7797,19
s7798,6
s7798,7
s7800,15
s7802,11
s7802,1
s7802,3
s7803,12
s7803,17
s7803,1
s7804,1
s7804,3
s7805,11
s7806,6
s7806,1
s7806,3
s7810,11
s7812,1
s7815,14
s7815,6
s7817,14
s7818,1
s7818,2
s7820,1
s7820,3
s7821,12
s7821,1
s7821,29
s7822,1
s7822,3
s7824,11
s7824,6
s7824,3
s7825,1
s7825,3
s7825,7
s7826,6
s7826,1
s7826,2
s7827,14
s7827,6
s7828,12
s7828,1
s7828,3
s7830,1
s7830,3
s7831,6
s7831,1
s7831,3
s7832,11
s7832,8
s7832,3
s7833,8
s7833,3
s7833,10
s7834,1
s7834,3
s7834,16
s7837,1
s7837,3
s7838,6
s7838,3
s7838,7
s7840,12
s7840,1
s7842,1
s7844,8
s7845,11
s7845,17
s7846,1
s7846,3
s7847,15
s7847,3
s7850,11
s7850,1
s7850,3
s7852,15
s7852,16
s7853,11
s7853,6
s7853,3
s7854,11
s7854,1
s7855,1
s7855,7
s7856,1
s7856,9
s7858,11
s7858,8
s7858,9
s7859,15
s7859,16
s7860,15
s7861,11
s7861,6
s7861,3
s7862,1
s7862,3
s7864,11
s7864,1
s7864,2
s7865,4
s7865,39
s7866,1
s7866,7
s7867,1
s7867,2
s7867,3
s7869,1
s7869,10
s7870,1
s7870,3
s7872,8
s7872,3
s7874,1
s7874,2
s7874,3
s7875,1
s7875,2
s7875,3
s7876,1
s7876,3
s7877,15
s7877,3
s7878,11
s7878,2
s7878,3
s7880,11
s7880,12
s7880,1
s7881,1
s7881,29
s7882,1
s7882,29
s7883,1
s7883,29
s7884,1
s7884,29
s7885,11
s7885,9
s7886,1
s7886,3
s7889,11
s7889,6
s7889,16
s7890,1
s7890,2
s7891,6
s7891,2
s7892,14
s7892,2
s7895,12
s7895,8
s7895,10
s7896,1
s7897,28
s7897,22
s7899,1
s7899,2
s7899,3
s7900,11
s7900,2
s7901,11
s7901,6
s7901,3
s7902,6
s7902,7
s7903,11
s7903,3
s7903,16
s7904,6
s7904,7
s7905,1
s7905,7
s7906,10
s7908,14
s7908,6
s7908,29
s7910,25
s7911,1
s7911,3
s7913,11
s7914,1
s7914,2
s7914,3
s7916,1
s7916,3
s7916,7
s7917,6
s7917,9
s7918,1
s7918,3
s7918,7
s7919,21
s7919,23
s7919,22
s7920,15
s7920,3
s7921,6
s7921,2
s7921,7
s7922,1
s7922,3
s7923,1
s7923,3
s7923,7
s7924,1
s7924,3
s7924,16
s7925,1
s7925,3
s7926,1
s7926,3
s7927,1
s7927,3
s7928,6
s7928,3
s7929,11
s7929,1
s7929,18
s7932,6
s7932,1
s7932,3
s7933,12
s7933,1
s7933,3
s7934,14
s7934,6
s7935,14
s7936,1
s7936,3
s7937,6
s7937,3
s7937,16
s7938,11
s7938,6
s7938,3
s7939,1
s7939,3
s7940,1
s7940,3
s7941,1
s7941,18
s7941,3
s7942,15
s7942,16
s7944,1
s7944,3
s7944,16
s7945,6
s7945,17
s7945,1
s7946,1
s7946,19
s7947,11
s7947,2
s7948,6
s7948,3
s7948,7
s7950,6
s7950,1
s7951,1
s7952,6
s7952,1
s7952,2
s7953,14
s7955,12
s7955,6
s7955,2
s7956,6
s7956,8
s7957,6
s7957,8
s7958,12
s7958,1
s7959,6
s7959,1
s7960,14
s7961,11
s7961,6
s7961,17
s7962,8
s7963,8
s7964,11
s7965,14
s7965,12
s7965,1
s7966,15
s7966,3
s7966,16
s7967,11
s7967,9
s7968,1
s7968,3
s7968,16
s7970,1
s7970,10
s7971,15
s7971,3
s7972,15
s7972,3
s7973,15
s7973,3
s7974,15
s7974,3
s7975,15
s7975,3
s7976,15
s7977,15
s7978,15
s7979,15
s7979,3
s7980,15
s7980,3
s7981,6
s7981,3
s7982,15
s7982,3
s7982,29
s7984,1
s7984,2
s7984,3
s7986,11
s7987,6
s7987,1
s7987,7
s7988,6
s7988,1
s7988,7
s7989,1
s7989,3
s7989,7
s7990,6
s7990,1
s7990,3
s7991,1
s7993,6
s7993,3
s7995,1
s7995,3
s7995,10
s7996,1
s7996,2
s7996,3
s7997,6
s7997,3
s7997,16
s7998,1
s7998,3
s7999,8
s8000,1
s8000,3
s8002,8
s8002,10
s8004,11
s8004,6
s8005,11
s8005,1
s8005,3
s8006,27
s8007,27
s8008,27
s8009,1
s8009,3
s8010,1
s8010,2
s8011,14
s8011,6
s8012,15
s8012,16
s8013,1
s8013,3
s8013,10
s8014,8
s8014,3
s8015,1
s8015,3
s8015,10
s8017,1
s8017,2
s8017,3
s8018,11
s8018,2
s8019,8
s8024,11
s8024,1
s8024,3
s8025,6
s8025,3
s8025,7
s8026,11
s8026,1
s8026,9
s8027,8
s8027,3
s8028,8
s8029,6
s8029,1
s8029,7
s8030,11
s8033,11
s8033,6
s8034,11
s8034,3
s8036,11
s8036,9
s8037,6
s8037,1
s8037,2
s8038,6
s8038,7
s8039,1
s8039,2
s8040,10
s8042,11
s8042,1
s8042,3
s8043,11
s8043,6
s8043,9
s8044,6
s8044,1
s8044,2
s8046,6
s8047,11
s8047,1
s8048,6
s8048,3
s8048,7
s8050,1
s8050,3
s8051,6
s8051,2
s8051,3
s8052,11
s8052,14
s8052,9
s8053,11
s8053,14
s8053,9
s8054,11
s8054,3
s8054,9
s8055,1
s8055,7
s8056,6
s8056,7
s8057,11
s8057,1
s8057,2
s8060,1
s8060,18
s8060,29
s8061,8
s8061,2
s8064,1
s8064,16
s8066,6
s8066,1
s8066,2
s8068,11
s8068,9
s8069,11
s8069,6
s8070,15
s8072,1
s8072,2
s8073,6
s8073,17
s8073,1
s8074,1
s8074,3
s8074,29
s8075,14
s8075,6
s8076,14
s8076,6
s8077,14
s8077,6
s8078,11
s8078,6
s8078,3
s8079,8
s8079,2
s8080,10
s8081,11
s8083,11
s8083,14
s8083,9
s8085,1
s8085,2
s8085,3
s8087,15
s8087,3
s8088,6
s8089,6
s8089,3
s8090,8
s8091,1
s8091,3
s8092,8
s8092,3
s8093,15
s8096,8
s8096,10
s8099,6
s8099,3
s8099,7
s8100,6
s8100,2
s8100,19
s8101,1
s8101,10
s8102,6
s8102,7
s8104,12
s8104,6
s8104,7
s8106,12
s8106,6
s8106,17
s8107,6
s8107,1
s8109,11
s8109,1
s8109,3
s8111,14
s8111,6
s8112,11
s8112,1
s8113,1
s8113,3
s8113,10
s8114,6
s8114,3
s8114,16
s8115,6
s8115,1
s8115,3
s8116,3
s8116,10
s8117,1
s8117,3
s8117,7
s8119,6
s8119,1
s8119,7
s8120,1
s8120,3
s8120,29
s8121,1
s8121,2
s8121,3
s8123,14
s8124,1
s8124,2
s8124,10
s8125,6
s8125,1
s8125,3
s8127,6
s8127,17
s8128,11
s8128,12
s8128,1
s8129,11
s8129,9
s8131,6
s8132,1
s8132,3
s8132,7
s8134,15
s8135,15
s8135,19
s8137,1
s8137,2
s8137,3
s8139,1
s8139,8
s8139,16
s8140,1
s8140,2
s8140,10
s8141,6
s8141,1
s8141,2
s8142,11
s8142,1
s8142,3
s8143,11
s8143,3
s8145,1
s8145,3
s8145,16
s8146,1
s8146,3
s8147,6
s8147,7
s8150,11
s8150,3
s8150,7
s8151,3
s8151,10
s8152,14
s8153,14
s8154,6
s8154,3
s8155,14
s8157,1
s8157,3
s8157,10
s8158,1
s8158,2
s8158,19
s8159,14
s8159,6
s8160,14
s8160,6
s8162,6
s8162,3
s8162,16
s8164,1
s8164,3
s8165,1
s8165,2
s8165,3
s8167,11
s8167,9
s8168,11
s8168,9
s8169,15
s8169,3
s8170,8
s8170,2
s8170,10
s8171,6
s8171,3
s8171,7
s8172,11
s8172,3
s8172,16
s8173,39
s8173,28
s8178,11
s8178,1
s8178,3
s8180,1
s8180,10
s8182,14
s8184,14
s8185,14
s8186,1
s8186,3
s8186,9
s8187,11
s8187,1
s8187,3
s8188,6
s8188,1
s8188,7
s8189,8
s8191,14
s8191,6
s8193,6
s8193,1
s8193,3
s8195,6
s8195,1
s8195,3
s8196,11
s8196,6
s8196,2
s8197,11
s8198,11
s8199,8
s8199,2
s8199,10
s8201,1
s8202,6
s8204,11
s8204,3
s8205,8
s8205,10
s8206,12
s8206,15
s8211,15
s8212,8
s8213,8
s8213,2
s8213,10
s8214,1
s8214,29
s8215,4
s8215,33
s8215,21
s8218,11
s8218,9
s8219,1
s8219,3
s8219,7
s8220,11
s8220,6
s8220,7
s8221,9
s8221,10
s8222,8
s8222,2
s8222,10
s8223,1
s8223,2
s8223,3
s8224,1
s8224,10
s8225,1
s8225,2
s8225,29
s8226,14
s8226,1
s8226,3
s8227,6
s8227,1
s8227,7
s8228,1
s8228,3
s8228,7
s8229,11
s8229,9
s8230,6
s8230,1
s8233,8
s8233,10
s8234,2
s8234,10
s8235,1
s8235,2
s8235,3
s8237,1
s8237,10
s8238,17
s8238,8
s8239,15
s8239,29
s8240,1
s8240,18
s8241,11
s8241,1
s8241,3
s8242,1
s8242,3
s8242,10
s8243,8
s8243,10
s8245,1
s8245,3
s8245,16
s8246,1
s8246,3
s8246,10
s8247,1
s8247,2
s8247,3
s8248,1
s8248,18
s8249,14
s8249,6
s8250,12
s8250,1
s8252,1
s8252,2
s8253,6
s8253,7
s8254,6
s8254,1
s8254,2
s8255,1
s8255,3
s8255,9
s8256,6
s8256,3
s8256,10
s8257,8
s8257,10
s8259,14
s8259,6
s8260,11
s8260,17
s8260,9
s8261,6
s8261,17
s8261,3
s8262,12
s8262,2
s8262,10
s8264,6
s8265,1
s8265,3
s8266,1
s8266,3
s8266,7
s8267,14
s8268,1
s8268,3
s8270,1
s8271,15
s8271,29
s8273,1
s8273,10
s8274,1
s8274,3
s8275,8
s8275,10
s8277,8
s8277,10
s8280,8
s8280,9
s8280,10
s8281,1
s8281,3
s8282,10
s8284,1
s8285,11
s8285,6
s8286,11
s8286,6
s8287,1
s8287,3
s8289,1
s8289,2
s8290,2
s8290,9
s8290,10
s8291,12
s8291,17
s8291,8
s8292,1
s8292,7
s8293,8
s8293,2
s8294,4
s8294,20
s8294,22
s8296,6
s8296,2
s8296,19
s8297,1
s8297,29
s8298,8
s8298,3
s8298,10
s8299,8
s8300,1
s8300,2
s8301,6
s8301,3
s8302,6
s8303,4
s8303,20
s8303,22
s8304,11
s8304,17
s8304,3
s8305,14
s8305,6
s8306,14
s8306,6
s8306,7
s8307,11
s8307,1
s8307,3
s8308,11
s8308,9
s8310,11
s8310,3
s8311,8
s8313,1
s8314,15
s8314,29
s8315,1
s8315,10
s8318,6
s8318,1
s8318,3
s8320,1
s8320,2
s8320,10
s8321,1
s8321,10
s8323,8
s8323,2
s8323,3
s8324,6
s8324,1
s8324,7
s8325,1
s8325,2
s8325,10
s8326,6
s8327,1
s8327,18
s8328,1
s8328,18
s8333,11
s8333,12
s8333,17
s8334,11
s8334,1
s8336,11
s8336,6
s8338,8
s8339,8
s8339,10
s8340,14
s8340,1
s8340,18
s8342,1
s8343,8
s8344,1
s8344,3
s8345,1
s8345,2
s8346,11
s8347,6
s8347,18
s8347,3
s8352,11
s8352,9
s8353,6
s8353,1
s8355,11
s8356,15
s8356,29
s8357,11
s8357,9
s8359,3
s8359,9
s8359,10
s8360,14
s8361,14
s8361,6
s8362,14
s8362,1
s8363,6
s8363,1
s8364,1
s8364,3
s8364,10
s8365,1
s8365,3
s8366,6
s8366,7
s8368,8
s8368,2
s8368,10
s8370,1
s8370,3
s8373,6
s8373,1
s8373,7
s8375,1
s8375,3
s8376,1
s8376,10
s8378,1
s8378,3
s8381,1
s8381,7
s8381,9
s8382,14
s8382,18
s8383,15
s8383,3
s8384,12
s8384,1
s8385,8
s8385,2
s8385,10
s8386,1
s8387,6
s8387,3
s8388,15
s8390,1
s8390,29
s8392,6
s8392,1
s8392,3
s8394,6
s8394,2
s8395,14
s8395,1
s8396,14
s8397,1
s8397,3
s8397,10
s8399,6
s8399,3
s8399,7
s8400,8
s8400,3
s8402,12
s8402,6
s8402,29
s8403,6
s8403,1
s8403,29
s8405,11
s8405,9
s8406,11
s8406,9
s8407,6
s8407,29
s8409,1
s8409,3
s8410,6
s8410,3
s8410,9
s8411,15
s8413,15
s8413,16
s8414,11
s8414,7
s8415,11
s8415,9
s8416,11
s8416,9
s8417,11
s8417,9
s8418,15
s8419,1
s8419,3
s8421,6
s8426,1
s8426,2
s8426,3
s8427,8
s8427,2
s8428,1
s8431,14
s8431,6
s8433,1
s8433,3
s8433,16
s8435,6
s8435,17
s8436,12
s8436,1
s8436,29
s8439,6
s8439,2
s8439,7
s8442,14
s8444,6
s8444,1
s8444,2
s8445,6
s8445,3
s8446,11
s8446,6
s8447,11
s8447,6
s8448,1
s8448,2
s8448,19
s8449,11
s8450,1
s8450,10
s8452,6
s8452,1
s8453,1
s8453,16
s8453,7
s8454,11
s8454,1
s8454,3
s8455,14
s8455,6
s8456,14
s8457,1
s8458,14
s8458,6
s8459,1
s8459,2
s8460,1
s8460,3
s8460,10
s8461,6
s8461,3
s8462,14
s8464,6
s8464,1
s8464,3
s8465,11
s8466,6
s8466,7
s8467,14
s8468,11
s8468,1
s8468,3
s8469,15
s8470,1
s8471,15
s8471,29
s8473,14
s8473,1
s8473,3
s8474,1
s8474,10
s8478,15
s8478,29
s8479,15
s8479,29
s8481,1
s8481,2
s8481,3
s8484,8
s8484,3
s8485,8
s8485,2
s8485,9
s8486,1
s8486,3
s8486,7
s8487,8
s8487,10
s8488,1
s8488,3
s8489,1
s8489,2
s8490,11
s8492,15
s8492,3
s8492,16
s8493,10
s8494,3
s8494,10
s8495,6
s8495,1
s8496,1
s8496,2
s8497,1
s8497,2
s8497,3
s8498,6
s8498,1
s8498,2
s8499,1
s8499,10
s8500,1
s8502,14
s8502,6
s8505,6
s8505,3
s8505,16
s8506,1
s8507,12
s8507,6
s8507,2
s8508,9
s8508,10
s8509,8
s8509,2
s8509,3
s8510,1
s8510,3
s8510,7
s8512,1
s8513,11
s8513,7
s8513,9
s8514,1
s8514,2
s8514,7
s8515,1
s8515,2
s8515,3
s8516,11
s8516,14
s8516,6
s8518,1
s8518,2
s8518,10
s8521,10
s8523,8
s8526,11
s8527,1
s8527,10
s8528,17
s8528,8
s8528,2
s8529,1
s8529,3
s8530,6
s8530,1
s8530,2
s8531,15
s8532,11
s8532,9
s8533,1
s8533,7
s8533,9
s8535,1
s8535,2
s8535,29
s8536,10
s8537,6
s8538,10
s8539,15
s8539,3
s8541,11
s8541,6
s8543,6
s8543,7
s8544,8
s8544,3
s8547,1
s8547,3
s8548,15
s8549,8
s8549,10
s8551,11
s8551,1
s8551,3
s8553,1
s8553,3
s8554,14
s8555,6
s8555,29
s8556,8
s8556,3
s8557,6
s8557,3
s8557,7
s8559,8
s8559,2
s8560,8
s8560,10
s8563,6
s8563,1
s8563,18
s8564,1
s8564,3
s8565,11
s8566,15
s8567,10
s8569,6
s8569,3
s8570,11
s8570,6
s8570,3
s8571,15
s8572,1
s8572,3
s8572,7
s8573,15
s8573,16
s8577,6
s8577,3
s8577,7
s8579,1
s8579,2
s8579,3
s8580,11
s8580,3
s8580,29
s8581,11
s8581,6
s8581,9
s8582,14
s8583,1
s8583,3
s8584,1
s8584,3
s8585,11
s8585,3
s8587,1
s8587,10
s8588,12
s8588,15
s8590,1
s8590,3
s8590,10
s8591,1
s8591,3
s8592,6
s8592,1
s8592,3
s8595,14
s8596,1
s8596,2
s8596,9
s8599,6
s8599,17
s8599,19
s8600,4
s8600,40
s8600,28
s8604,11
s8607,1
s8607,2
s8607,3
s8608,6
s8608,1
s8608,7
s8609,6
s8611,11
s8612,1
s8612,2
s8612,3
s8613,8
s8613,3
s8614,11
s8614,8
s8614,3
s8615,6
s8615,17
s8615,1
s8616,1
s8616,10
s8617,9
s8617,10
s8618,1
s8618,2
s8618,10
s8619,6
s8619,1
s8619,2
s8622,6
s8622,17
s8622,8
s8624,6
s8624,8
s8624,9
s8625,6
s8625,8
s8625,9
s8626,6
s8626,8
s8626,9
s8627,11
s8627,6
s8627,8
s8628,1
s8629,6
s8629,1
s8629,2
s8630,11
s8630,1
s8630,3
s8631,3
s8631,10
s8632,15
s8632,16
s8635,11
s8636,12
s8636,1
s8637,1
s8638,1
s8638,2
s8639,6
s8639,8
s8639,2
s8640,1
s8640,18
s8640,3
s8641,12
s8641,15
s8642,14
s8642,6
s8643,8
s8644,15
s8644,3
s8646,8
s8646,2
s8646,10
s8649,10
s8650,1
s8650,2
s8650,7
s8652,15
s8652,29
s8653,1
s8653,3
s8653,10
s8655,1
s8655,3
s8656,14
s8656,6
s8658,11
s8658,15
s8658,29
s8659,1
s8659,2
s8659,3
s8660,11
s8660,14
s8660,6
s8662,6
s8662,1
s8662,2
s8663,1
s8663,2
s8663,3
s8664,3
s8664,10
s8665,6
s8665,1
s8665,7
s8666,1
s8666,2
s8666,3
s8667,11
s8667,6
s8667,3
s8668,11
s8669,11
s8669,1
s8669,9
s8671,11
s8672,11
s8672,1
s8672,3
s8673,6
s8673,1
s8673,3
s8675,1
s8676,1
s8677,11
s8677,9
s8678,15
s8679,1
s8679,10
s8681,1
s8681,3
s8682,1
s8682,3
s8683,6
s8683,1
s8683,3
s8684,1
s8684,3
s8684,10
s8686,1
s8687,11
s8687,3
s8688,11
s8688,3
s8688,9
s8689,1
s8689,3
s8690,6
s8690,2
s8692,1
s8693,15
s8694,1
s8694,2
s8694,10
s8695,11
s8696,6
s8696,1
s8696,3
s8697,1
s8698,11
s8698,6
s8699,8
s8699,2
s8699,3
s8700,6
s8700,1
s8700,3
s8704,1
s8704,2
s8704,16
s8705,10
s8706,6
s8706,3
s8706,7
s8707,1
s8707,2
s8709,6
s8709,1
s8709,2
s8710,1
s8710,3
s8712,1
s8712,2
s8712,3
s8714,6
s8714,3
s8715,14
s8716,1
s8716,2
s8717,6
s8717,8
s8717,2
s8718,12
s8718,1
s8718,3
s8720,6
s8720,1
s8720,3
s8723,8
s8723,10
s8725,1
s8725,10
s8726,1
s8726,3
s8726,7
s8730,11
s8730,6
s8730,1
s8731,6
s8732,6
s8732,1
s8732,2
s8733,9
s8733,10
s8734,6
s8734,2
s8734,10
s8735,15
s8735,19
s8735,16
s8736,12
s8736,1
s8736,2
s8738,15
s8743,11
s8743,6
s8743,9
s8744,1
s8744,2
s8746,14
s8746,12
s8746,6
s8749,12
s8749,1
s8751,1
s8751,2
s8752,6
s8752,1
s8752,2
s8753,14
s8753,1
s8754,1
s8754,2
s8755,1
s8755,2
s8755,29
s8758,11
s8758,1
s8761,8
s8761,2
s8761,10
s8762,6
s8762,3
s8762,7
s8763,1
s8763,3
s8765,11
s8766,8
s8767,11
s8767,29
s8768,11
s8769,1
s8769,2
s8769,3
s8770,1
s8770,2
s8770,3
s8771,1
s8771,3
s8771,7
s8772,1
s8772,3
s8772,16
s8773,11
s8773,6
s8773,3
s8774,6
s8774,1
s8774,3
s8775,1
s8775,2
s8775,3
s8777,14
s8777,6
s8778,3
s8778,19
s8778,7
s8779,3
s8779,19
s8779,7
s8780,3
s8780,19
s8780,7
s8782,13
s8782,14
s8783,6
s8783,8
s8783,2
s8787,14
s8788,6
s8788,7
s8789,1
s8789,3
s8790,6
s8790,1
s8790,3
s8791,11
s8791,6
s8792,6
s8792,1
s8792,2
s8793,11
s8793,3
s8794,14
s8794,6
s8795,1
s8795,2
s8795,3
s8799,6
s8799,1
s8799,3
s8800,1
s8800,3
s8802,1
s8802,3
s8802,10
s8803,17
s8803,1
s8803,10
s8805,6
s8805,8
s8806,14
s8806,6
s8807,1
s8807,3
s8807,16
